doc_id,doc_fname,doc_lame,specialization,hiredate,licenserenewaldate,phon,email,doc_gender
1,Alexia,McGorley,cardiology,07/12/1963,01/20/1999,873-374-3712,amcgorley0@google.cn,Female
2,Rooney,Standish-Brooks,infectious diseases,08/15/1980,03/22/1979,126-297-1166,rstandishbrooks1@people.com.cn,Male
3,Doy,Hyndson,psychiatry,11/09/1957,12/16/1952,213-116-8442,dhyndson2@bravesites.com,Male
4,Karina,Benning,emergency medicine,12/23/1955,03/17/1953,862-423-3801,kbenning3@newyorker.com,Female
5,Jdavie,Martusov,dermatology,07/28/1974,01/16/1986,238-680-8894,jmartusov4@rakuten.co.jp,Male
6,Porter,Boulstridge,wound care,05/22/1995,06/14/1965,649-866-8922,pboulstridge5@canalblog.com,Male
7,Marney,Bisatt,urology,11/24/1950,03/04/1996,992-151-2016,mbisatt6@icq.com,Female
8,Wolfgang,Dukes,orthopedics,04/02/1951,08/28/1965,148-343-0435,wdukes7@newsvine.com,Male
9,Agata,Mazzei,pulmonology,05/05/1966,03/02/1966,943-493-5929,amazzei8@eepurl.com,Female
10,Gussy,Burgane,cardiology,04/06/1975,02/06/1999,282-417-1906,gburgane9@princeton.edu,Female
11,Giffer,Rutherford,sleep medicine,11/11/1953,11/29/1971,980-294-2480,grutherforda@columbia.edu,Male
12,Emmalynn,Mc Queen,clinical psychology,05/01/1996,01/10/1982,654-908-0623,emcqueenb@gravatar.com,Female
13,Deena,Winder,urology,02/27/1995,05/05/1972,918-247-8196,dwinderc@forbes.com,Female
14,Jorry,Godfree,endocrinology,10/20/1978,07/02/1972,365-334-3870,jgodfreed@ebay.co.uk,Female
15,Stephi,McGann,speech therapy,10/16/1979,06/13/1985,283-413-2799,smcganne@yandex.ru,Female
16,Jessa,Swayte,sleep medicine,08/19/1962,02/19/1964,520-644-2602,jswaytef@jiathis.com,Female
17,Luce,Janousek,endocrinology,06/29/1979,04/16/1960,460-914-6442,ljanousekg@nba.com,Female
18,Dael,Lascell,urology,04/30/1966,06/26/1986,629-193-8311,dlascellh@angelfire.com,Female
19,Robbie,Skells,hematology,04/28/1964,09/16/1954,199-646-5772,rskellsi@chicagotribune.com,Male
20,Torey,Boxhill,dermatology,08/13/1958,03/26/1999,696-141-5611,tboxhillj@is.gd,Female
21,Kendell,Massy,gastroenterology,03/30/1984,06/13/1960,861-997-8942,kmassyk@adobe.com,Male
22,Ennis,Downham,nephrology,01/25/1985,01/06/1955,194-473-2571,edownhaml@yahoo.com,Male
23,Baxter,Tutill,rheumatology,07/30/1968,11/10/1971,269-391-8420,btutillm@bloglines.com,Male
24,Justino,Macklam,psychiatry,05/15/1965,02/11/1973,656-245-0947,jmacklamn@facebook.com,Male
25,Carilyn,Pardey,urology,11/21/1996,02/23/1966,570-810-6935,cpardeyo@youku.com,Female
26,Ivory,Duny,ophthalmology,06/17/1951,04/17/1994,616-660-6901,idunyp@naver.com,Female
27,Conrade,Maffei,dermatology,08/20/1972,10/25/1951,436-934-7265,cmaffeiq@unblog.fr,Male
28,Wendell,Slatten,hematology,04/18/1969,09/20/1992,697-460-4040,wslattenr@abc.net.au,Male
29,Vincenty,Vigne,geriatrics,08/08/1963,01/22/1970,134-561-7595,vvignes@adobe.com,Male
30,Chaim,Maddinon,physiotherapy,07/17/1993,06/17/1956,711-954-1476,cmaddinont@indiatimes.com,Male
31,Shell,Fairn,nutrition,03/02/1995,07/19/1972,355-737-8311,sfairnu@gizmodo.com,Female
32,Marven,Napleton,orthopedics,04/04/1971,04/22/1991,416-252-0242,mnapletonv@cpanel.net,Male
33,Georg,Guitonneau,endocrinology,06/25/1972,07/28/1969,660-323-9041,gguitonneauw@msu.edu,Male
34,Arvin,Carter,occupational therapy,05/24/1964,07/07/1995,503-991-0767,acarterx@issuu.com,Male
35,Lester,Feely,pharmacology,07/09/1998,04/21/1986,887-969-9548,lfeelyy@furl.net,Male
36,Keefer,Gerauld,gastroenterology,08/16/1963,04/14/1967,542-649-8571,kgerauldz@posterous.com,Male
37,Corene,Snepp,audiology,04/21/1981,09/24/1996,432-818-7382,csnepp10@tamu.edu,Female
38,Hashim,Fritzer,urology,02/20/1972,09/06/1964,266-522-2017,hfritzer11@4shared.com,Male
39,Karlotte,McEvoy,cardiology,06/17/1956,05/27/1970,407-246-2772,kmcevoy12@issuu.com,Female
40,Katleen,Ades,rheumatology,05/09/1984,01/22/1966,558-972-4249,kades13@ocn.ne.jp,Female
41,Camella,Hitchens,emergency medicine,01/25/1988,07/13/1965,104-365-4370,chitchens14@dell.com,Female
42,Stace,Rought,ophthalmology,01/20/1971,08/03/1989,855-947-5549,srought15@newsvine.com,Female
43,Candice,Buxcey,infectious diseases,04/19/1965,05/08/1990,115-404-5145,cbuxcey16@google.com.au,Female
44,Reeta,Bye,pulmonology,04/16/1955,01/02/1981,563-635-6499,rbye17@example.com,Female
45,Yorke,Caird,occupational therapy,11/07/1987,03/01/1999,647-734-4863,ycaird18@uol.com.br,Male
46,Rutherford,Ovanesian,occupational therapy,07/04/1953,10/17/1983,471-204-9273,rovanesian19@linkedin.com,Male
47,Johnathon,Lang,pain management,05/31/1994,01/06/1967,254-125-1680,jlang1a@e-recht24.de,Male
48,Ricki,Boatswain,psychiatry,01/21/1961,11/16/1964,700-382-5884,rboatswain1b@seattletimes.com,Male
49,Ana,Farnon,infectious diseases,11/08/1983,06/06/1976,879-619-8507,afarnon1c@51.la,Female
50,Leigh,Croster,rehabilitation,10/14/1956,12/25/1982,814-434-3700,lcroster1d@ebay.co.uk,Male
51,Bunnie,Bilverstone,wound care,05/16/1983,08/06/1962,508-999-3652,bbilverstone1e@unesco.org,Female
52,Lucky,Vice,oncology,04/23/1973,07/17/1997,298-537-7346,lvice1f@nsw.gov.au,Female
53,Tad,Pimblotte,geriatrics,11/02/1971,07/04/1961,829-243-9333,tpimblotte1g@hc360.com,Male
54,Shayna,Teers,hematology,12/21/1982,06/13/1972,959-798-6679,steers1h@nba.com,Female
55,Virginie,Sissons,audiology,07/13/1962,11/15/1970,992-703-2015,vsissons1i@irs.gov,Female
56,Nikki,Realy,palliative care,03/18/1992,01/31/1968,848-382-5286,nrealy1j@phoca.cz,Female
57,Rudy,Manjot,hematology,05/21/1969,09/18/1976,205-707-5281,rmanjot1k@washingtonpost.com,Male
58,Mitchael,Ridout,dermatology,10/29/1984,04/02/1972,178-977-9888,mridout1l@shop-pro.jp,Male
59,Eleanor,Eberz,pulmonology,09/30/1998,10/15/1995,866-609-5236,eeberz1m@posterous.com,Female
60,Zia,Scadden,audiology,04/28/1979,04/02/1974,102-229-8058,zscadden1n@a8.net,Female
61,Normie,Bunner,pain management,03/01/1996,07/01/1994,334-288-5580,nbunner1o@guardian.co.uk,Male
62,Sanderson,Ashington,audiology,08/10/1982,12/22/1962,646-320-6363,sashington1p@stanford.edu,Male
63,Pet,Bottini,general practitioner,04/22/1998,06/10/1970,496-186-5307,pbottini1q@foxnews.com,Female
64,Clementina,Kuhne,dermatology,10/01/1954,12/01/1977,770-568-5013,ckuhne1r@blogspot.com,Female
65,Sigismund,MacCaughey,ophthalmology,01/01/1964,06/26/1963,855-385-0227,smaccaughey1s@washington.edu,Male
66,Elvera,Lawlie,physiotherapy,09/22/1956,09/26/1963,959-170-5611,elawlie1t@msu.edu,Female
67,Gussie,Shurmore,wound care,12/20/1974,07/07/1996,488-556-4568,gshurmore1u@stumbleupon.com,Female
68,Adelaide,Antusch,geriatrics,09/01/1995,07/09/1964,257-207-7346,aantusch1v@goo.ne.jp,Female
69,Royal,Hairyes,orthopedics,03/10/1964,12/10/1974,819-465-5393,rhairyes1w@yahoo.co.jp,Male
70,Dorine,Guilloux,pain management,03/14/1956,03/13/1968,302-951-4200,dguilloux1x@exblog.jp,Female
71,Morganica,Danshin,nephrology,09/01/1996,06/22/1953,290-259-5903,mdanshin1y@cam.ac.uk,Female
72,Gene,Severns,neurology,08/07/1972,06/26/1989,989-560-0860,gseverns1z@e-recht24.de,Female
73,Harmonie,Binnes,geriatrics,10/21/1992,07/17/1955,942-207-0156,hbinnes20@istockphoto.com,Female
74,Rockwell,Poschel,gastroenterology,02/17/1956,04/02/1958,489-426-7665,rposchel21@vkontakte.ru,Male
75,Nevin,Carstairs,neurology,04/27/1977,08/15/1966,300-769-0563,ncarstairs22@slate.com,Male
76,Hildegaard,Abramovic,dermatology,05/31/1996,09/04/1953,907-247-7978,habramovic23@ebay.co.uk,Female
77,Belle,Rubie,palliative care,08/15/1989,12/01/1972,107-928-0111,brubie24@va.gov,Female
78,Isabelita,Allibon,pulmonology,10/16/1978,01/08/1952,416-147-2302,iallibon25@purevolume.com,Female
79,Chandler,Beiderbeck,physiotherapy,10/24/1997,08/26/1994,355-464-8435,cbeiderbeck26@xinhuanet.com,Male
80,Jannelle,Delnevo,general practitioner,02/11/1984,07/26/1993,289-573-8604,jdelnevo27@webeden.co.uk,Female
81,Arvie,Denis,physiotherapy,05/13/1984,12/05/1981,343-941-0185,adenis28@mozilla.com,Male
82,Coral,Cranke,rheumatology,12/17/1996,10/08/1953,101-307-7717,ccranke29@smh.com.au,Female
83,Whitney,Klich,oncology,08/23/1966,03/30/1969,116-740-0447,wklich2a@issuu.com,Male
84,Read,Rossin,occupational therapy,01/02/1967,10/17/1997,164-598-7018,rrossin2b@washington.edu,Male
85,Cecelia,Andraud,endocrinology,09/02/1991,03/04/1953,186-561-7738,candraud2c@wordpress.org,Female
86,Rob,Geldeford,urology,09/14/1975,01/01/1969,274-788-0316,rgeldeford2d@woothemes.com,Male
87,Thayne,Westphalen,urology,01/16/1968,02/27/1953,835-173-1860,twestphalen2e@fc2.com,Male
88,Bryan,Schoffler,emergency medicine,11/26/1997,07/21/1950,513-398-7472,bschoffler2f@umn.edu,Male
89,Sonia,O'Kane,hematology,07/29/1983,01/09/1988,318-821-3989,sokane2g@rediff.com,Female
90,Charin,McComish,occupational therapy,08/25/1977,09/08/1967,208-673-8166,cmccomish2h@examiner.com,Female
91,Vera,Cord,pulmonology,04/06/1978,08/31/1970,927-665-5249,vcord2i@yellowpages.com,Female
92,Alberta,Dannett,pulmonology,08/21/1971,07/11/1990,922-344-1413,adannett2j@skyrock.com,Female
93,Angelle,Bromont,infectious diseases,01/14/1998,05/09/1966,582-800-9161,abromont2k@weather.com,Female
94,Mary,Levensky,neurology,07/16/1984,06/14/1958,865-439-8329,mlevensky2l@geocities.com,Female
95,Fletcher,Balaison,internal medicine,06/11/1978,01/26/1967,603-655-5740,fbalaison2m@nymag.com,Male
96,Bibbie,Blum,cardiology,10/03/1980,06/15/1986,511-349-8593,bblum2n@nba.com,Female
97,Shaylynn,Sandeman,nutrition,04/09/1997,07/13/1978,360-291-1874,ssandeman2o@google.com,Female
98,Antonietta,Warret,neurology,06/12/1958,09/06/1960,970-384-1692,awarret2p@surveymonkey.com,Female
99,Donovan,Ashworth,sleep medicine,02/28/1996,09/06/1960,243-569-8276,dashworth2q@cbc.ca,Male
100,Rockey,Nellen,oncology,10/27/1978,02/16/1974,809-747-2717,rnellen2r@qq.com,Male
101,Baird,Rozsa,sleep medicine,03/08/1958,12/02/1997,509-859-2571,brozsa2s@istockphoto.com,Male
102,Willis,Dobey,emergency medicine,02/21/1960,05/21/1990,797-590-3125,wdobey2t@miibeian.gov.cn,Male
103,Odelle,Vogeler,physiotherapy,03/06/1997,01/10/1958,714-356-1812,ovogeler2u@wsj.com,Female
104,Buddie,Carnegie,pharmacology,07/25/1960,04/04/1950,511-318-6713,bcarnegie2v@1und1.de,Male
105,Alain,Fiddeman,sleep medicine,11/20/1995,04/09/1961,614-683-2390,afiddeman2w@apple.com,Male
106,Korey,Garlant,urology,09/25/1961,10/12/1993,748-141-3212,kgarlant2x@tripod.com,Male
107,Moira,Stockwell,pain management,03/08/1964,01/04/1977,651-956-7545,mstockwell2y@ox.ac.uk,Female
108,Francene,Finnick,neurology,03/28/1968,10/22/1972,677-870-5471,ffinnick2z@hc360.com,Female
109,Clarke,O'Gavin,clinical psychology,09/09/1984,05/12/1968,884-568-9492,cogavin30@exblog.jp,Male
110,Antonie,Wicher,endocrinology,11/17/1970,08/20/1999,104-725-7124,awicher31@forbes.com,Female
111,Ferrell,Manvelle,pulmonology,06/05/1968,12/13/1954,223-166-2984,fmanvelle32@xinhuanet.com,Male
112,Gene,Sams,psychiatry,05/28/1957,02/27/1984,571-317-4291,gsams33@istockphoto.com,Male
113,Ronnica,Burghall,orthopedics,06/12/1953,07/11/1966,717-621-9277,rburghall34@google.it,Female
114,Haze,Kitchener,pulmonology,11/13/1951,05/24/1963,756-528-7833,hkitchener35@taobao.com,Male
115,Rivy,Caulliere,wound care,10/10/1975,06/22/1951,740-754-3378,rcaulliere36@zimbio.com,Female
116,Carita,McLoughlin,neurology,05/01/1950,01/27/1985,196-720-6008,cmcloughlin37@w3.org,Female
117,Roderigo,Woodberry,internal medicine,01/27/1992,12/16/1955,482-966-0391,rwoodberry38@e-recht24.de,Male
118,Jordon,Cavanagh,clinical psychology,04/06/1983,04/30/1974,218-264-4973,jcavanagh39@blogspot.com,Male
119,Kettie,Resun,gastroenterology,01/01/1950,11/21/1953,528-844-3376,kresun3a@bloglovin.com,Female
120,Berri,Leeds,psychiatry,11/26/1981,04/20/1993,671-692-6330,bleeds3b@ebay.co.uk,Female
121,Muriel,Mundie,dermatology,08/08/1987,11/04/1994,791-732-7672,mmundie3c@w3.org,Female
122,Kerwin,Hairsine,hematology,02/21/1960,01/18/1991,347-307-0770,khairsine3d@nifty.com,Male
123,Rafi,Gladding,gastroenterology,05/12/1985,07/10/1998,490-970-9269,rgladding3e@biblegateway.com,Male
124,Delores,Antonazzi,geriatrics,11/26/1984,07/16/1958,577-920-2230,dantonazzi3f@mozilla.com,Female
125,Elijah,Bulfield,palliative care,05/12/1969,08/24/1955,634-140-0555,ebulfield3g@seesaa.net,Male
126,Buddie,Gwyneth,pain management,01/15/1993,02/14/1969,232-139-7279,bgwyneth3h@skyrock.com,Male
127,Kerwinn,Croyden,orthopedics,02/20/1962,08/19/1996,177-411-4215,kcroyden3i@reddit.com,Male
128,Addy,Salsbury,cardiology,01/02/1997,04/11/1951,877-722-8909,asalsbury3j@npr.org,Male
129,Sky,Crompton,speech therapy,12/09/1959,02/27/1966,269-750-3206,scrompton3k@businessinsider.com,Male
130,Waylon,Pasek,physiotherapy,12/31/1996,01/28/1984,655-982-8695,wpasek3l@irs.gov,Male
131,Britni,Moxon,sleep medicine,02/02/1981,10/20/1969,447-155-5825,bmoxon3m@squidoo.com,Female
132,Annissa,Gawkes,speech therapy,03/20/1958,04/12/1999,602-373-2142,agawkes3n@fastcompany.com,Female
133,Andromache,Frogley,palliative care,03/02/1967,01/01/1988,695-293-4707,afrogley3o@yellowbook.com,Female
134,Alexandra,Dollen,pulmonology,11/28/1957,11/06/1965,922-242-1529,adollen3p@answers.com,Female
135,Ginevra,Thurgood,urology,08/23/1989,07/16/1961,282-182-8949,gthurgood3q@home.pl,Female
136,Eda,Densun,occupational therapy,06/28/1990,04/08/1984,720-987-8184,edensun3r@businessweek.com,Female
137,Merv,Muncaster,internal medicine,05/07/1979,07/20/1973,470-202-6776,mmuncaster3s@unesco.org,Male
138,Ambrosio,Wedgwood,nephrology,02/18/1974,12/25/1994,140-749-7771,awedgwood3t@blogs.com,Male
139,Schuyler,Pollastrone,neurology,06/14/1972,12/30/1999,127-964-1975,spollastrone3u@oakley.com,Male
140,Claudetta,Lavell,occupational therapy,09/01/1985,03/22/1961,776-825-0438,clavell3v@jugem.jp,Female
141,Ailis,Jan,nephrology,04/06/1991,10/09/1979,655-468-1964,ajan3w@google.fr,Female
142,Chrissie,Bodycomb,neurology,04/02/1964,05/20/1960,410-229-7964,cbodycomb3x@posterous.com,Female
143,Kinsley,Andrat,physiotherapy,05/05/1985,07/13/1953,222-596-4688,kandrat3y@com.com,Male
144,Menard,Strutton,general practitioner,02/04/1960,07/24/1962,991-443-4906,mstrutton3z@dell.com,Male
145,Caddric,Razoux,rehabilitation,12/27/1985,02/03/1999,368-359-8242,crazoux40@cloudflare.com,Male
146,Stanislaw,Ketcher,sleep medicine,11/04/1994,10/15/1993,663-948-9695,sketcher41@apple.com,Male
147,Anett,Beldam,hematology,08/01/1973,12/16/1987,456-814-1783,abeldam42@reuters.com,Female
148,Ettie,Purselowe,cardiology,08/03/1959,01/31/1988,518-163-4953,epurselowe43@w3.org,Female
149,Taite,Cass,rheumatology,07/04/1954,05/09/1965,929-511-9571,tcass44@shinystat.com,Male
150,Ring,Fawbert,cardiology,02/03/1984,03/25/1988,262-517-1945,rfawbert45@spotify.com,Male
151,Toby,Chitson,rheumatology,01/09/1987,01/16/1980,414-678-9001,tchitson46@icq.com,Female
152,Stanley,Cornthwaite,nutrition,01/04/1977,04/19/1957,276-119-6942,scornthwaite47@cpanel.net,Male
153,Reynard,Hotson,psychiatry,12/31/1989,06/15/1962,798-154-9282,rhotson48@hp.com,Male
154,Zoe,Cluley,neurology,02/03/1951,06/01/1959,613-132-2754,zcluley49@mlb.com,Female
155,Shane,Ault,pain management,07/16/1983,11/01/1987,829-981-5236,sault4a@163.com,Male
156,Jayson,Barbier,geriatrics,11/07/1976,04/20/1990,376-409-3079,jbarbier4b@ucoz.com,Male
157,Debby,Fosserd,audiology,11/19/1955,05/07/1952,680-205-9246,dfosserd4c@economist.com,Female
158,Glori,Fowells,audiology,06/03/1981,06/16/1966,717-295-0210,gfowells4d@businesswire.com,Female
159,Ulrick,Marsie,psychiatry,04/08/1992,02/14/1980,379-972-2327,umarsie4e@youku.com,Male
160,Winna,Clinch,endocrinology,10/06/1958,09/24/1995,815-515-1730,wclinch4f@arizona.edu,Female
161,Jude,Stinchcombe,internal medicine,07/31/1983,10/12/1992,686-779-3405,jstinchcombe4g@livejournal.com,Male
162,Chelsie,Poynser,wound care,04/16/1976,02/18/1983,102-165-0931,cpoynser4h@sakura.ne.jp,Female
163,Elna,Agglione,psychiatry,12/12/1960,05/04/1999,552-199-2254,eagglione4i@nba.com,Female
164,Shawn,Brood,urology,05/07/1996,12/14/1986,520-949-3715,sbrood4j@nasa.gov,Male
165,Odilia,Signe,rheumatology,01/11/1961,02/09/1995,105-161-8802,osigne4k@i2i.jp,Female
166,Jodee,Loch,pain management,05/08/1952,06/27/1962,677-867-2088,jloch4l@vk.com,Female
167,Gawen,Vanshin,infectious diseases,10/16/1990,03/23/1977,759-413-5417,gvanshin4m@globo.com,Male
168,Yvette,Yakob,palliative care,12/26/1953,03/29/1984,317-897-0280,yyakob4n@sun.com,Female
169,Jerry,Facer,gastroenterology,12/26/1957,04/13/1959,577-366-6953,jfacer4o@nature.com,Male
170,Reiko,Facer,pharmacology,10/05/1999,02/27/1985,108-101-0737,rfacer4p@wix.com,Female
171,Lane,Jephson,physiotherapy,02/16/1951,05/22/1988,143-121-1972,ljephson4q@geocities.com,Male
172,Rebeka,Jewster,geriatrics,12/22/1964,01/23/1997,607-139-1622,rjewster4r@ucoz.com,Female
173,Wolfie,Baugh,dermatology,09/30/1961,06/18/1967,245-410-9091,wbaugh4s@fema.gov,Male
174,Arnuad,Eykelhof,oncology,09/02/1951,06/20/1976,441-702-2245,aeykelhof4t@aol.com,Male
175,Burlie,Reeves,dermatology,03/14/1990,01/08/1972,770-792-4345,breeves4u@squarespace.com,Male
176,Diane-marie,Mahomet,rheumatology,10/11/1952,01/30/1994,816-875-1513,dmahomet4v@wordpress.org,Female
177,Bartholomeus,Banister,occupational therapy,01/22/1999,12/08/1993,521-666-1351,bbanister4w@nymag.com,Male
178,Xylia,McCrie,pharmacology,04/07/1955,03/19/1998,831-411-3568,xmccrie4x@nymag.com,Female
179,Mack,Tremaine,urology,09/28/1989,05/21/1987,748-856-3907,mtremaine4y@upenn.edu,Male
180,Inglebert,Beaulieu,orthopedics,12/22/1961,11/19/1983,451-903-9805,ibeaulieu4z@weather.com,Male
181,Fielding,Cucinotta,neurology,08/08/1990,09/04/1974,858-833-1995,fcucinotta50@dailymail.co.uk,Male
182,Evie,Matthew,geriatrics,06/10/1959,07/15/1979,683-784-6241,ematthew51@usatoday.com,Female
183,Jane,Shipp,oncology,07/11/1951,12/28/1954,481-321-2887,jshipp52@dagondesign.com,Female
184,Ruprecht,De la Harpe,orthopedics,11/27/1952,09/11/1951,712-469-2153,rdelaharpe53@comcast.net,Male
185,Pail,Alton,physiotherapy,04/06/1989,02/19/1967,226-113-8907,palton54@opera.com,Male
186,Marie-ann,Witts,physiotherapy,11/14/1991,06/27/1968,478-773-7792,mwitts55@dedecms.com,Female
187,Lotty,Connick,psychiatry,12/24/1974,11/28/1958,597-870-4212,lconnick56@noaa.gov,Female
188,Eadmund,Begley,hematology,03/13/1968,01/08/1957,562-970-3375,ebegley57@rambler.ru,Male
189,Matelda,Barrow,rheumatology,08/17/1969,10/19/1976,534-170-1907,mbarrow58@amazon.co.jp,Female
190,Andonis,Mowsdill,audiology,04/08/1964,01/30/1967,334-354-2467,amowsdill59@furl.net,Male
191,Kania,Sherel,oncology,06/17/1969,10/27/1997,121-579-7767,ksherel5a@reverbnation.com,Female
192,Denny,Marshman,rheumatology,11/30/1953,11/23/1977,823-206-2522,dmarshman5b@netscape.com,Male
193,Durward,Biggen,gastroenterology,01/12/1984,03/01/1974,141-957-5050,dbiggen5c@networkadvertising.org,Male
194,Dotty,Ternent,rheumatology,05/27/1979,01/21/1988,123-146-3291,dternent5d@go.com,Female
195,Neddie,Tissington,cardiology,10/28/1982,05/25/1951,843-953-5972,ntissington5e@bluehost.com,Male
196,Georgie,Leythley,cardiology,06/01/1966,01/19/1978,994-810-4413,gleythley5f@flickr.com,Male
197,Minor,Slyme,ophthalmology,12/16/1993,10/14/1987,617-195-7635,mslyme5g@cam.ac.uk,Male
198,Cam,MacElroy,endocrinology,01/19/1999,05/06/1993,622-470-5335,cmacelroy5h@state.gov,Male
199,Kiah,Renshell,palliative care,02/04/1964,05/13/1991,175-391-4154,krenshell5i@facebook.com,Female
200,Eliot,Shankle,psychiatry,09/29/1977,05/08/1956,652-695-3015,eshankle5j@cdbaby.com,Male
201,Willy,Christofle,pain management,07/22/1952,04/30/1977,353-134-5947,wchristofle5k@flavors.me,Male
202,Addie,Rockall,speech therapy,05/31/1951,10/03/1994,212-545-1383,arockall5l@seesaa.net,Male
203,Anabelle,Ilchenko,nephrology,10/03/1971,11/07/1996,572-727-7788,ailchenko5m@privacy.gov.au,Female
204,Sarena,Huebner,geriatrics,02/26/1976,09/28/1976,140-831-1388,shuebner5n@unicef.org,Female
205,Loraine,Van Der Weedenburg,speech therapy,12/14/1950,12/11/1989,477-735-7128,lvanderweedenburg5o@amazonaws.com,Female
206,Frannie,Camock,nephrology,11/12/1997,07/06/1977,175-542-7765,fcamock5p@bravesites.com,Male
207,Kenton,Brotherheed,speech therapy,05/08/1953,11/15/1967,769-628-1520,kbrotherheed5q@opera.com,Male
208,Madel,Salman,psychiatry,10/19/1956,03/15/1998,443-749-1918,msalman5r@toplist.cz,Female
209,Terra,Neumann,endocrinology,11/10/1985,09/22/1968,819-786-8293,tneumann5s@tripadvisor.com,Female
210,Dolores,Jeffreys,pharmacology,04/05/1982,02/07/1994,497-735-9331,djeffreys5t@trellian.com,Female
211,Jeniffer,Sharrier,palliative care,10/17/1993,10/05/1955,663-239-0029,jsharrier5u@123-reg.co.uk,Female
212,Karoline,Bente,urology,01/11/1951,04/12/1973,544-858-6770,kbente5v@chronoengine.com,Female
213,Meridel,Godmar,orthopedics,12/04/1972,09/23/1987,536-345-3902,mgodmar5w@salon.com,Female
214,Wylma,Corkett,audiology,12/02/1973,08/12/1951,555-961-4542,wcorkett5x@bloglines.com,Female
215,Edsel,Nunnery,gastroenterology,01/23/1957,07/21/1954,476-337-3580,enunnery5y@google.de,Male
216,Jeanine,Caistor,general practitioner,09/23/1987,12/19/1973,876-578-8231,jcaistor5z@oracle.com,Female
217,Felicio,Wagon,occupational therapy,05/08/1986,11/22/1954,633-394-2660,fwagon60@php.net,Male
218,Chelsey,Bartol,rehabilitation,12/15/1957,03/20/1994,994-457-8328,cbartol61@behance.net,Female
219,Marj,Fibbens,clinical psychology,03/24/1988,02/01/1968,628-197-7144,mfibbens62@ask.com,Female
220,Fayina,Hovard,psychiatry,11/07/1984,03/24/1988,651-217-5430,fhovard63@samsung.com,Female
221,Marylynne,Bramhall,internal medicine,10/22/1986,07/04/1968,878-182-9522,mbramhall64@sun.com,Female
222,Lyman,Biggadyke,endocrinology,06/28/1969,09/06/1973,173-197-8822,lbiggadyke65@amazon.com,Male
223,Bendite,Boch,physiotherapy,05/19/1990,04/26/1950,947-817-1004,bboch66@homestead.com,Female
224,Thoma,Buswell,nephrology,09/03/1980,06/11/1990,562-806-8024,tbuswell67@facebook.com,Male
225,Franchot,Virgo,audiology,03/12/1983,10/04/1976,109-110-9381,fvirgo68@prlog.org,Male
226,Harwilll,Belcham,audiology,06/08/1991,05/11/1973,679-431-8987,hbelcham69@sun.com,Male
227,Cassey,Calleja,urology,12/06/1966,08/18/1960,381-954-7105,ccalleja6a@si.edu,Female
228,Wilhelmina,Sharville,cardiology,06/19/1990,09/18/1982,344-377-4662,wsharville6b@tiny.cc,Female
229,Sallee,Oubridge,physiotherapy,10/05/1999,04/28/1984,596-512-4246,soubridge6c@webmd.com,Female
230,Viviene,Leal,internal medicine,12/27/1959,09/23/1968,191-457-7792,vleal6d@fema.gov,Female
231,Brennan,Reveland,rheumatology,12/23/1988,11/28/1997,694-135-8409,breveland6e@vistaprint.com,Male
232,Krissie,Wauchope,geriatrics,02/03/1987,04/04/1957,824-637-2810,kwauchope6f@usda.gov,Female
233,Dugald,Baynard,sleep medicine,01/12/1953,05/23/1973,907-366-5313,dbaynard6g@gizmodo.com,Male
234,Mycah,Vaskin,ophthalmology,07/19/1960,04/27/1996,416-534-1346,mvaskin6h@smh.com.au,Male
235,Loreen,Jochen,nephrology,03/04/1981,10/08/1953,523-210-1804,ljochen6i@theglobeandmail.com,Female
236,Bernita,Colliver,palliative care,03/11/1978,01/01/1960,131-725-4763,bcolliver6j@unc.edu,Female
237,Kassi,Bamell,nephrology,08/26/1957,10/05/1975,622-205-7251,kbamell6k@princeton.edu,Female
238,Ursa,Alsop,occupational therapy,01/28/1952,01/09/1952,595-126-4294,ualsop6l@shop-pro.jp,Female
239,Ferne,Thunder,oncology,02/12/1953,06/18/1995,626-849-3960,fthunder6m@cbslocal.com,Female
240,Katharine,Bambrugh,rheumatology,08/23/1957,12/28/1998,401-279-4093,kbambrugh6n@technorati.com,Female
241,Decca,Aplin,pulmonology,12/30/1955,10/14/1988,573-342-4458,daplin6o@buzzfeed.com,Male
242,Far,Presnell,emergency medicine,06/01/1959,09/14/1997,517-418-3996,fpresnell6p@virginia.edu,Male
243,Aura,Gaucher,dermatology,09/30/1999,07/21/1952,574-261-6030,agaucher6q@weather.com,Female
244,Zollie,McGilbon,endocrinology,08/04/1981,06/02/1955,140-915-0897,zmcgilbon6r@nature.com,Male
245,Vittorio,Elintune,general practitioner,08/05/1961,03/13/1971,988-289-8557,velintune6s@cpanel.net,Male
246,Ingamar,Blakey,endocrinology,02/23/1970,01/31/1965,444-684-8009,iblakey6t@house.gov,Male
247,Gunther,Benyan,sleep medicine,02/19/1981,04/18/1987,846-261-4313,gbenyan6u@washington.edu,Male
248,Dukie,Eddis,infectious diseases,01/23/1977,02/24/1987,471-692-0899,deddis6v@tamu.edu,Male
249,Enrichetta,Ashfold,audiology,01/09/1972,11/06/1995,513-386-4252,eashfold6w@xrea.com,Female
250,Cynde,Nore,palliative care,12/19/1954,04/09/1963,170-773-8534,cnore6x@prnewswire.com,Female
251,Bennie,Jzak,psychiatry,07/20/1964,09/05/1966,951-665-7841,bjzak6y@webs.com,Female
252,Justin,Morfell,speech therapy,07/10/1961,11/13/1963,275-776-7929,jmorfell6z@discuz.net,Male
253,Blondie,Capell,general practitioner,01/10/1959,07/27/1963,851-565-2779,bcapell70@zdnet.com,Female
254,Margarete,Darlison,hematology,10/26/1975,03/14/1993,318-999-0752,mdarlison71@mozilla.com,Female
255,Adrian,Soane,palliative care,07/23/1997,08/05/1995,905-209-3438,asoane72@acquirethisname.com,Male
256,Kin,Gate,nutrition,08/12/1954,04/09/1955,464-521-1796,kgate73@apache.org,Male
257,Marthe,McCrisken,neurology,05/16/1981,05/23/1970,839-702-5683,mmccrisken74@blinklist.com,Female
258,Dallas,Rosbotham,gastroenterology,08/02/1978,09/12/1980,523-946-8765,drosbotham75@bloglines.com,Female
259,Merrick,Abbey,physiotherapy,04/08/1983,01/20/1979,323-847-5742,mabbey76@sourceforge.net,Male
260,Craggie,De Vuyst,general practitioner,03/06/1960,08/09/1966,324-868-9890,cdevuyst77@hexun.com,Male
261,Maurizia,Thumann,endocrinology,04/25/1986,07/10/1993,828-230-0966,mthumann78@theglobeandmail.com,Female
262,Ronna,Rudram,pain management,04/20/1980,08/03/1987,587-815-7781,rrudram79@wordpress.org,Female
263,Maxie,Boakes,wound care,12/11/1959,07/23/1984,665-459-9168,mboakes7a@scribd.com,Male
264,Elizabet,Nicolson,orthopedics,10/15/1974,03/22/1978,282-956-4179,enicolson7b@bizjournals.com,Female
265,Gregorius,Bentke,emergency medicine,02/26/1981,06/02/1994,305-747-6281,gbentke7c@gmpg.org,Male
266,Paxton,Dunphie,sleep medicine,07/07/1985,02/23/1973,298-634-7047,pdunphie7d@issuu.com,Male
267,Courtnay,Jirus,internal medicine,11/03/1975,03/06/1988,499-161-4560,cjirus7e@slate.com,Male
268,Langston,Abels,general practitioner,02/14/1973,12/17/1980,852-198-7077,labels7f@wiley.com,Male
269,Ripley,Crolla,nephrology,07/04/1955,12/04/1998,427-134-5277,rcrolla7g@nih.gov,Male
270,Gerald,Anfonsi,psychiatry,06/22/1983,11/06/1995,504-892-8911,ganfonsi7h@hud.gov,Male
271,Flynn,Tayloe,rheumatology,01/17/1961,07/08/1985,567-475-3342,ftayloe7i@alibaba.com,Male
272,Johannah,Endacott,emergency medicine,06/16/1999,09/14/1954,810-167-1758,jendacott7j@google.es,Female
273,Sargent,Ledingham,orthopedics,07/24/1986,11/05/1977,370-466-5124,sledingham7k@cbc.ca,Male
274,Clemmy,Rogans,pulmonology,10/04/1967,06/07/1989,345-397-6332,crogans7l@icq.com,Female
275,Jermain,Firmin,urology,01/05/1974,08/21/1967,838-914-3130,jfirmin7m@sakura.ne.jp,Male
276,Emmanuel,Rojas,infectious diseases,07/13/1990,04/08/1953,217-413-9376,erojas7n@telegraph.co.uk,Male
277,Berton,Kornacki,endocrinology,01/08/1981,12/18/1984,900-300-3252,bkornacki7o@pinterest.com,Male
278,Ray,Leads,physiotherapy,08/07/1993,05/24/1990,814-694-6359,rleads7p@people.com.cn,Female
279,Ricca,MacSkeagan,pulmonology,02/17/1965,07/20/1968,769-486-4370,rmacskeagan7q@prweb.com,Female
280,Saundra,Cremen,physiotherapy,03/03/1992,08/03/1965,267-861-2136,scremen7r@wordpress.org,Male
281,Constance,MacMearty,infectious diseases,08/01/1987,08/11/1986,436-616-0409,cmacmearty7s@cnet.com,Female
282,Leann,Simmen,neurology,04/16/1977,02/05/1966,961-971-4114,lsimmen7t@edublogs.org,Female
283,Cindi,Bellon,general practitioner,02/14/1981,04/28/1975,928-587-8801,cbellon7u@gizmodo.com,Female
284,Waylen,Narducci,audiology,06/01/1952,01/30/1975,323-828-4127,wnarducci7v@gizmodo.com,Male
285,Cornie,Moizer,geriatrics,09/29/1957,12/09/1975,334-215-4814,cmoizer7w@amazon.co.jp,Male
286,Johnny,Vanyatin,emergency medicine,07/08/1998,08/18/1978,109-195-3030,jvanyatin7x@businesswire.com,Male
287,Kelli,Shenton,dermatology,12/31/1962,04/22/1985,548-201-3005,kshenton7y@yahoo.com,Female
288,Robinetta,Abby,palliative care,06/03/1990,03/11/1976,743-730-4349,rabby7z@google.fr,Female
289,Michail,Cantera,oncology,04/06/1980,05/27/1971,273-101-8571,mcantera80@eventbrite.com,Male
290,Carling,Rizzello,nutrition,06/07/1991,11/29/1984,422-840-0540,crizzello81@noaa.gov,Male
291,Brook,Dibble,rheumatology,10/14/1958,01/29/1996,426-199-3322,bdibble82@forbes.com,Male
292,Kendal,Ceschini,audiology,05/11/1986,04/20/1990,447-738-7149,kceschini83@miitbeian.gov.cn,Male
293,Thorny,Menezes,geriatrics,06/08/1999,02/26/1991,211-254-0813,tmenezes84@is.gd,Male
294,Karlene,Varley,audiology,07/25/1985,02/27/1977,217-701-2972,kvarley85@technorati.com,Female
295,Kev,Thormwell,palliative care,04/07/1977,10/19/1977,335-769-5072,kthormwell86@posterous.com,Male
296,Emmet,Cuddy,rheumatology,02/27/1961,01/20/1965,592-506-1488,ecuddy87@ft.com,Male
297,Pierre,Musla,gastroenterology,08/22/1995,05/01/1979,893-219-1834,pmusla88@shutterfly.com,Male
298,Corabel,Feasby,speech therapy,03/08/1953,02/01/1959,216-803-1439,cfeasby89@amazon.co.jp,Female
299,Nessie,Kramer,ophthalmology,07/22/1956,01/22/1965,717-774-4282,nkramer8a@fastcompany.com,Female
300,Nollie,MacIlurick,rehabilitation,08/04/1982,03/30/1986,339-319-0802,nmacilurick8b@webmd.com,Female
301,Zita,Deathridge,audiology,04/04/1980,07/02/1984,261-518-8213,zdeathridge8c@pagesperso-orange.fr,Female
302,Ailis,Garbutt,speech therapy,08/13/1977,08/02/1997,563-161-6880,agarbutt8d@wufoo.com,Female
303,Brigitta,Danielski,ophthalmology,10/04/1953,03/19/1996,922-892-3968,bdanielski8e@soundcloud.com,Female
304,Melinda,Paiton,physiotherapy,05/01/1987,09/09/1965,680-621-4085,mpaiton8f@disqus.com,Female
305,Brnaby,MacAdam,oncology,07/16/1960,03/06/1950,658-635-8883,bmacadam8g@cnbc.com,Male
306,Ashil,Groger,pain management,12/22/1973,05/31/1987,150-556-1313,agroger8h@uol.com.br,Female
307,Maurita,Emmerson,rehabilitation,11/15/1954,04/30/1965,621-100-4621,memmerson8i@drupal.org,Female
308,Malva,Freebury,ophthalmology,06/03/1978,05/12/1980,846-730-3024,mfreebury8j@reverbnation.com,Female
309,Thomasine,Garwill,emergency medicine,11/20/1976,01/19/1979,352-966-4205,tgarwill8k@smh.com.au,Female
310,Kimberley,Fehely,infectious diseases,07/30/1960,11/24/1981,537-767-0138,kfehely8l@ft.com,Female
311,Morrie,Macvey,sleep medicine,01/20/1951,04/13/1990,341-234-1023,mmacvey8m@macromedia.com,Male
312,Steffie,Wiper,speech therapy,03/30/1993,01/19/1995,996-610-2326,swiper8n@oaic.gov.au,Female
313,Oliver,Dionisi,oncology,03/09/1971,05/04/1956,818-962-3975,odionisi8o@hud.gov,Male
314,Barbette,Toopin,speech therapy,12/02/1998,05/29/1966,801-452-8399,btoopin8p@guardian.co.uk,Female
315,Krissy,Wardall,rheumatology,09/10/1990,02/14/1971,463-586-4769,kwardall8q@cargocollective.com,Female
316,Dermot,Exell,orthopedics,06/14/1972,12/14/1968,336-748-0595,dexell8r@newsvine.com,Male
317,Doy,Stockings,pharmacology,03/25/1952,12/04/1950,355-688-3412,dstockings8s@imgur.com,Male
318,Cahra,Gozard,wound care,06/18/1959,05/04/1961,735-279-2451,cgozard8t@google.com.br,Female
319,Alexina,O'Glassane,gastroenterology,09/25/1983,06/08/1979,630-631-5809,aoglassane8u@narod.ru,Female
320,Mathias,Trownson,physiotherapy,09/16/1987,09/04/1980,907-787-7789,mtrownson8v@nytimes.com,Male
321,Dunstan,Raubheim,wound care,01/05/1968,01/26/1953,169-590-7897,draubheim8w@csmonitor.com,Male
322,Kissee,Stronghill,emergency medicine,03/06/1986,04/28/1970,980-140-4400,kstronghill8x@bizjournals.com,Female
323,Delora,Vahl,physiotherapy,01/23/1955,09/12/1987,583-830-3115,dvahl8y@engadget.com,Female
324,Camala,Mosdell,nutrition,12/21/1954,01/24/1959,805-670-5085,cmosdell8z@domainmarket.com,Female
325,Holmes,Waud,neurology,12/05/1975,01/12/1978,233-185-3476,hwaud90@europa.eu,Male
326,Vinny,Hymer,infectious diseases,07/03/1996,03/17/1965,297-663-0073,vhymer91@pbs.org,Male
327,Else,Hellings,sleep medicine,02/24/1974,02/16/1974,901-723-1160,ehellings92@blinklist.com,Female
328,Orlando,Poter,rheumatology,12/21/1961,09/20/1997,527-663-6124,opoter93@gov.uk,Male
329,Myles,Weblin,geriatrics,09/08/1965,09/15/1975,261-517-8382,mweblin94@godaddy.com,Male
330,Barrett,Beardsworth,urology,08/09/1963,01/04/1959,245-578-0134,bbeardsworth95@google.ru,Male
331,Rouvin,Dyott,palliative care,09/15/1975,01/10/1958,384-351-1893,rdyott96@tumblr.com,Male
332,Florenza,Pennini,rheumatology,06/11/1963,09/03/1953,725-364-0265,fpennini97@foxnews.com,Female
333,Lockwood,McGiven,audiology,10/30/1976,11/28/1967,545-646-0298,lmcgiven98@bloglovin.com,Male
334,Vitoria,Haxby,gastroenterology,12/09/1960,08/29/1955,874-589-4821,vhaxby99@wp.com,Female
335,Morgana,Cesconi,audiology,06/16/1979,04/07/1960,295-971-2631,mcesconi9a@guardian.co.uk,Female
336,Yard,Sparham,hematology,08/09/1978,05/17/1978,899-299-9517,ysparham9b@reverbnation.com,Male
337,Lilia,Holyland,speech therapy,03/22/1954,03/07/1987,262-985-6766,lholyland9c@webmd.com,Female
338,Gaelan,Marzellano,hematology,06/16/1983,10/05/1988,906-267-6552,gmarzellano9d@nifty.com,Male
339,Luca,Briddock,cardiology,06/03/1977,03/11/1994,234-602-2641,lbriddock9e@studiopress.com,Male
340,Rachael,Pullan,endocrinology,11/11/1961,11/01/1960,459-589-1113,rpullan9f@ucla.edu,Female
341,Mylo,Sparkwill,physiotherapy,11/02/1966,02/20/1963,613-318-8296,msparkwill9g@shinystat.com,Male
342,Jacinthe,Sussems,hematology,07/22/1994,05/15/1993,508-566-3745,jsussems9h@trellian.com,Female
343,Maxi,Cronin,general practitioner,10/07/1981,06/25/1980,988-756-2251,mcronin9i@google.com,Female
344,Chelsie,Presidey,infectious diseases,04/23/1956,10/17/1962,436-928-9432,cpresidey9j@cisco.com,Female
345,Aloin,Reddie,occupational therapy,09/07/1950,03/18/1979,157-433-2065,areddie9k@yandex.ru,Male
346,Evita,Boughen,neurology,11/26/1977,01/29/1999,860-864-7673,eboughen9l@stumbleupon.com,Female
347,Doti,Fantone,physiotherapy,06/10/1999,01/26/1950,244-815-6647,dfantone9m@umich.edu,Female
348,Ulrika,Pasby,dermatology,08/07/1999,07/08/1984,623-381-4386,upasby9n@github.com,Female
349,Corny,Meadowcroft,geriatrics,01/25/1980,12/11/1956,946-723-0314,cmeadowcroft9o@360.cn,Female
350,Frankie,Cyseley,hematology,04/14/1995,09/13/1999,903-327-9574,fcyseley9p@flickr.com,Male
351,Ursula,Anthona,speech therapy,05/15/1996,10/29/1980,260-789-1891,uanthona9q@stanford.edu,Female
352,Ermin,Murdy,urology,01/30/1986,02/27/1983,513-551-0578,emurdy9r@uol.com.br,Male
353,Clifford,Jagoe,internal medicine,05/19/1998,01/06/1964,173-895-0276,cjagoe9s@flavors.me,Male
354,Jeno,Bahia,physiotherapy,02/19/1972,11/12/1989,221-215-2673,jbahia9t@noaa.gov,Male
355,Corrinne,Liddle,occupational therapy,03/15/1976,03/24/1961,982-270-3800,cliddle9u@eventbrite.com,Female
356,Marwin,Oriel,endocrinology,12/23/1967,04/03/1978,401-581-5271,moriel9v@fotki.com,Male
357,Tamar,Antoinet,nephrology,05/31/1973,01/06/1955,756-821-3304,tantoinet9w@google.com.br,Female
358,Hale,McGregor,geriatrics,11/30/1967,11/04/1980,859-711-7794,hmcgregor9x@over-blog.com,Male
359,Alexandros,Lindner,hematology,06/21/1994,06/24/1974,371-889-7172,alindner9y@hc360.com,Male
360,Desirae,Lafaye,psychiatry,06/30/1960,05/23/1989,463-764-7985,dlafaye9z@senate.gov,Female
361,Sean,Zimmerman,hematology,10/06/1992,09/04/1966,781-493-1394,szimmermana0@hexun.com,Male
362,Salem,Willingale,oncology,01/27/1951,02/15/1958,302-450-0324,swillingalea1@phoca.cz,Male
363,Ode,Antoniak,general practitioner,01/19/1987,04/12/1952,866-958-1633,oantoniaka2@opensource.org,Male
364,Clemente,Marginson,oncology,12/18/1999,01/30/1964,555-603-7211,cmarginsona3@berkeley.edu,Male
365,Burnard,Clows,psychiatry,03/30/1991,09/10/1985,518-782-0099,bclowsa4@intel.com,Male
366,Annadiane,Stuck,pharmacology,08/29/1975,07/31/1994,784-229-4850,astucka5@va.gov,Female
367,Alisander,Gorman,urology,10/31/1962,07/18/1958,289-537-4865,agormana6@networksolutions.com,Male
368,Dominic,Pitchford,audiology,07/25/1969,02/06/1962,251-682-7413,dpitchforda7@usda.gov,Male
369,Neysa,Oliphant,clinical psychology,05/01/1996,12/05/1997,832-440-8695,noliphanta8@flavors.me,Female
370,Luce,Tams,dermatology,05/30/1993,10/04/1963,186-167-3492,ltamsa9@google.co.uk,Female
371,Robers,Dipple,occupational therapy,08/11/1951,02/21/1980,969-371-4666,rdippleaa@twitpic.com,Male
372,Cobbie,Lavarack,geriatrics,01/20/1986,03/07/1975,736-818-1166,clavarackab@who.int,Male
373,Joscelin,Tschirschky,neurology,03/16/1997,11/18/1961,805-869-1978,jtschirschkyac@state.gov,Female
374,Jayme,Mabley,endocrinology,08/17/1978,06/06/1961,877-915-2181,jmableyad@rakuten.co.jp,Female
375,Arlene,Deftie,gastroenterology,07/17/1951,10/16/1950,185-741-8020,adeftieae@tamu.edu,Female
376,Twila,Maynell,internal medicine,11/29/1960,06/11/1975,613-417-4522,tmaynellaf@ca.gov,Female
377,Krishnah,McCarty,urology,06/29/1997,05/02/1981,565-785-9359,kmccartyag@disqus.com,Male
378,Anya,Deinhard,rehabilitation,11/19/1972,12/08/1976,950-130-3325,adeinhardah@statcounter.com,Female
379,Torre,Biasetti,geriatrics,12/26/1981,06/14/1997,787-551-3263,tbiasettiai@angelfire.com,Male
380,Chancey,Dorow,clinical psychology,01/23/1963,09/06/1952,683-385-4473,cdorowaj@free.fr,Male
381,Raye,O'Hoey,emergency medicine,07/08/1986,02/14/1953,701-143-5437,rohoeyak@google.fr,Female
382,Lonni,Zorzi,general practitioner,09/05/1988,05/01/1976,907-204-0167,lzorzial@fda.gov,Female
383,Brandyn,Patron,emergency medicine,01/25/1959,01/19/1963,270-668-8722,bpatronam@freewebs.com,Male
384,Michele,Vellacott,geriatrics,01/20/1998,04/29/1969,597-855-2494,mvellacottan@privacy.gov.au,Female
385,Cam,Woollends,dermatology,12/08/1961,10/19/1969,263-732-6801,cwoollendsao@flavors.me,Male
386,Efren,Kissock,cardiology,02/26/1967,06/17/1991,840-678-5114,ekissockap@acquirethisname.com,Male
387,Gregorio,Millom,urology,12/23/1996,07/12/1964,392-781-7616,gmillomaq@eventbrite.com,Male
388,Aindrea,Kettle,speech therapy,06/01/1980,11/19/1984,276-919-6285,akettlear@webmd.com,Female
389,Farley,Reddish,oncology,11/08/1954,03/15/1997,295-406-0404,freddishas@mtv.com,Male
390,Lutero,Bramer,rheumatology,02/21/1953,07/17/1951,456-823-6369,lbramerat@livejournal.com,Male
391,Gaye,Morten,wound care,04/20/1957,08/15/1992,190-156-6481,gmortenau@ft.com,Female
392,Neal,Spottiswood,endocrinology,08/12/1958,01/14/1967,738-374-4015,nspottiswoodav@ft.com,Male
393,Daniella,Hyslop,hematology,08/26/1981,08/04/1985,889-852-8443,dhyslopaw@yellowpages.com,Female
394,Nara,Reddoch,endocrinology,01/13/1994,09/16/1988,219-960-8583,nreddochax@lycos.com,Female
395,Jilleen,Plott,oncology,10/12/1959,05/12/1990,615-230-0335,jplottay@deviantart.com,Female
396,Nessie,Whoolehan,rehabilitation,06/01/1961,07/03/1986,762-145-0281,nwhoolehanaz@columbia.edu,Female
397,Edwina,Michie,internal medicine,06/08/1952,08/26/1960,767-839-3532,emichieb0@reference.com,Female
398,Felita,Stark,rehabilitation,01/01/1993,05/03/1965,457-677-8189,fstarkb1@biglobe.ne.jp,Female
399,Hobie,Alejandro,general practitioner,05/17/1987,09/10/1969,597-574-7172,halejandrob2@dropbox.com,Male
400,Marlon,Dubarry,gastroenterology,10/07/1996,03/25/1981,458-811-6171,mdubarryb3@barnesandnoble.com,Male
401,Saba,Treves,palliative care,07/15/1974,12/22/1973,661-377-9873,strevesb4@nytimes.com,Female
402,Maurits,Blitz,rheumatology,05/11/1967,06/07/1978,480-237-8343,mblitzb5@stumbleupon.com,Male
403,Mariam,Burress,orthopedics,10/20/1967,03/24/1970,509-797-7980,mburressb6@chicagotribune.com,Female
404,Renaldo,Dumberrill,endocrinology,10/18/1999,01/21/1961,363-169-6166,rdumberrillb7@theguardian.com,Male
405,Lauri,Aberdalgy,pain management,02/20/1965,05/10/1967,625-977-1650,laberdalgyb8@npr.org,Female
406,Tymon,Vivash,physiotherapy,01/26/1966,04/23/1954,151-778-5732,tvivashb9@naver.com,Male
407,Norrie,Peinke,pharmacology,09/28/1967,07/20/1994,992-887-9974,npeinkeba@i2i.jp,Male
408,Blake,Welburn,rheumatology,09/15/1992,04/24/1966,961-820-9829,bwelburnbb@hao123.com,Male
409,Agosto,Tomasutti,dermatology,11/20/1959,04/22/1983,325-596-2874,atomasuttibc@domainmarket.com,Male
410,Evyn,Cosbee,hematology,05/29/1950,12/18/1997,216-179-6633,ecosbeebd@yellowpages.com,Male
411,Christen,Radage,nephrology,10/06/1987,11/16/1998,783-939-9702,cradagebe@adobe.com,Female
412,Geralda,Colenutt,infectious diseases,05/31/1973,09/22/1957,628-413-7002,gcolenuttbf@phpbb.com,Female
413,Carlie,Aery,internal medicine,05/21/1988,03/26/1962,341-798-5391,caerybg@washington.edu,Male
414,Corly,Hennemann,hematology,07/13/1987,01/15/1997,651-935-5046,chennemannbh@usgs.gov,Female
415,Randi,Lusher,wound care,09/17/1954,03/05/1971,597-541-0585,rlusherbi@mayoclinic.com,Male
416,Townsend,Waldie,neurology,06/06/1964,05/21/1994,907-937-9480,twaldiebj@ibm.com,Male
417,Florette,Klementz,physiotherapy,07/11/1990,03/17/1982,434-335-4717,fklementzbk@economist.com,Female
418,Gretta,Anthony,cardiology,03/08/1969,03/28/1954,321-718-1023,ganthonybl@sbwire.com,Female
419,Katheryn,Bruffell,gastroenterology,08/19/1968,06/20/1983,643-463-8587,kbruffellbm@hp.com,Female
420,Retha,Gouldthorpe,pharmacology,08/07/1984,07/22/1952,398-950-0082,rgouldthorpebn@soundcloud.com,Female
421,Gamaliel,Faloon,speech therapy,03/11/1982,12/22/1985,589-352-8273,gfaloonbo@weather.com,Male
422,Meggie,Batte,dermatology,05/29/1950,10/07/1987,432-422-7271,mbattebp@senate.gov,Female
423,Jarret,Bains,nutrition,03/04/1998,11/04/1990,152-368-5180,jbainsbq@deliciousdays.com,Male
424,Nichole,Willavize,emergency medicine,06/25/1956,12/13/1997,136-676-8209,nwillavizebr@ebay.com,Male
425,Scotty,Yuryichev,infectious diseases,04/11/1991,10/06/1980,292-582-5712,syuryichevbs@wiley.com,Male
426,Frazier,Payfoot,physiotherapy,09/18/1963,11/08/1968,565-561-4025,fpayfootbt@accuweather.com,Male
427,Kath,Hansill,rheumatology,02/03/1950,10/08/1978,829-157-8829,khansillbu@freewebs.com,Female
428,Maritsa,Luto,internal medicine,12/15/1983,01/21/1977,368-595-2656,mlutobv@unesco.org,Female
429,Morgana,Bess,hematology,05/29/1983,12/24/1988,109-981-9004,mbessbw@edublogs.org,Female
430,Ainslee,MacSween,endocrinology,01/10/1952,12/09/1950,543-288-1711,amacsweenbx@adobe.com,Female
431,Ned,Solway,cardiology,11/23/1960,11/27/1986,489-920-3332,nsolwayby@list-manage.com,Male
432,Sigrid,Bursnell,pulmonology,06/29/1963,06/09/1989,907-572-9997,sbursnellbz@washingtonpost.com,Female
433,Yard,Lelande,rehabilitation,11/08/1985,11/06/1984,256-414-8414,ylelandec0@lycos.com,Male
434,Patty,McKeney,nutrition,11/14/1989,07/16/1979,537-809-4004,pmckeneyc1@ameblo.jp,Male
435,Florencia,Penbarthy,pain management,07/09/1993,07/05/1982,327-559-8186,fpenbarthyc2@wunderground.com,Female
436,Jamaal,Climance,emergency medicine,11/21/1999,06/08/1988,928-143-1315,jclimancec3@buzzfeed.com,Male
437,Claudell,Trowsdall,geriatrics,08/16/1970,10/13/1989,476-677-5121,ctrowsdallc4@360.cn,Male
438,Kristien,Surridge,palliative care,03/22/1964,10/25/1986,344-754-4712,ksurridgec5@canalblog.com,Female
439,Stormy,Lindeboom,speech therapy,11/09/1987,06/28/1984,630-318-1242,slindeboomc6@rambler.ru,Female
440,Cal,Dagleas,cardiology,03/26/1989,03/05/1996,457-907-4086,cdagleasc7@eventbrite.com,Female
441,Mendel,Reynold,palliative care,04/26/1998,12/09/1982,895-675-3689,mreynoldc8@chronoengine.com,Male
442,Gerri,Klosterman,ophthalmology,03/26/1955,10/16/1980,639-591-6140,gklostermanc9@163.com,Female
443,Evyn,Brockway,oncology,07/19/1967,07/20/1986,523-193-1028,ebrockwayca@feedburner.com,Male
444,Nevin,Errichi,sleep medicine,06/03/1985,05/30/1984,117-466-0223,nerrichicb@archive.org,Male
445,Jerad,Yeoman,general practitioner,06/01/1952,02/18/1952,921-758-5590,jyeomancc@opera.com,Male
446,Giselle,Ghiraldi,rehabilitation,06/04/1999,05/29/1959,334-119-3248,gghiraldicd@theglobeandmail.com,Female
447,Eustace,Brunicke,gastroenterology,10/03/1974,01/06/1994,856-104-3013,ebrunickece@fastcompany.com,Male
448,Janek,Gannaway,dermatology,05/25/1984,12/28/1978,144-335-3290,jgannawaycf@friendfeed.com,Male
449,Molly,Piborn,urology,12/23/1951,12/02/1950,407-511-2898,mpiborncg@webs.com,Female
450,Sapphira,Twede,gastroenterology,10/03/1991,03/20/1974,266-852-3898,stwedech@vk.com,Female
451,Tabina,Simeon,neurology,09/21/1986,04/19/1998,485-203-4450,tsimeonci@friendfeed.com,Female
452,Sheilakathryn,Nuth,nutrition,05/12/1973,07/02/1962,386-790-6186,snuthcj@skype.com,Female
453,Anabal,Crowhurst,hematology,12/10/1962,01/18/1976,225-609-4634,acrowhurstck@rakuten.co.jp,Female
454,Mayne,Angelini,cardiology,07/29/1999,05/28/1979,971-639-4343,mangelinicl@jiathis.com,Male
455,Emmi,Sankey,wound care,06/06/1965,12/22/1966,401-584-7928,esankeycm@multiply.com,Female
456,Brander,Vedishchev,physiotherapy,11/01/1981,06/11/1957,397-764-2250,bvedishchevcn@amazon.com,Male
457,Caz,Allgood,geriatrics,08/07/1957,02/13/1954,927-806-8236,callgoodco@imageshack.us,Male
458,Ashley,Ilyukhov,physiotherapy,12/31/1951,12/07/1960,475-194-4333,ailyukhovcp@ebay.co.uk,Male
459,Jorge,Toynbee,oncology,02/05/1976,09/29/1998,592-627-2982,jtoynbeecq@theatlantic.com,Male
460,Carter,Fright,emergency medicine,09/28/1950,10/19/1960,993-636-3389,cfrightcr@slate.com,Male
461,Kelila,Shelley,clinical psychology,01/01/1977,08/15/1970,146-375-3046,kshelleycs@springer.com,Female
462,Derry,Brobak,psychiatry,02/13/1972,12/03/1971,666-697-1010,dbrobakct@intel.com,Male
463,Ham,Berard,occupational therapy,09/25/1953,06/24/1965,328-288-3281,hberardcu@huffingtonpost.com,Male
464,Udell,Pavolini,rheumatology,07/12/1979,11/03/1967,325-573-6924,upavolinicv@fda.gov,Male
465,Zena,Camelin,palliative care,02/24/1992,03/16/1976,353-957-5637,zcamelincw@msu.edu,Female
466,Graehme,Tempest,physiotherapy,06/16/1967,01/15/1956,378-647-9982,gtempestcx@china.com.cn,Male
467,Ceil,McCandless,speech therapy,07/07/1958,10/13/1973,346-506-1241,cmccandlesscy@vk.com,Female
468,Gregory,Blankau,rheumatology,06/19/1952,11/15/1992,642-961-8291,gblankaucz@cyberchimps.com,Male
469,Lillian,Balazin,sleep medicine,08/11/1999,09/15/1978,744-560-5404,lbalazind0@admin.ch,Female
470,Marguerite,Fucher,gastroenterology,08/22/1988,09/06/1950,777-909-7071,mfucherd1@youku.com,Female
471,Ediva,Ellwand,general practitioner,05/24/1966,07/25/1959,325-776-8087,eellwandd2@reference.com,Female
472,Marlee,Huonic,palliative care,11/27/1982,09/14/1999,418-160-0024,mhuonicd3@disqus.com,Female
473,Winnie,O' Connell,pain management,03/22/1985,12/31/1996,146-281-7582,woconnelld4@shop-pro.jp,Female
474,Rudy,Pacitti,geriatrics,09/30/1980,06/21/1984,393-761-9082,rpacittid5@sun.com,Male
475,Junia,Etienne,general practitioner,01/02/1995,10/20/1975,323-218-0303,jetienned6@ted.com,Female
476,Lindsey,Wincom,wound care,08/10/1984,07/13/1996,619-141-0313,lwincomd7@yahoo.com,Male
477,Gwenny,Sneezum,pharmacology,06/21/1960,06/02/1995,800-515-0146,gsneezumd8@shinystat.com,Female
478,Reeta,McWhan,rheumatology,12/11/1952,12/04/1980,816-534-6400,rmcwhand9@yahoo.com,Female
479,Anson,Larman,gastroenterology,08/31/1994,03/16/1952,172-928-4374,alarmanda@engadget.com,Male
480,Blinny,Kaindl,endocrinology,08/21/1962,11/22/1993,814-613-6871,bkaindldb@reference.com,Female
481,Mandy,Macveigh,pulmonology,09/09/1998,01/01/1989,916-427-4917,mmacveighdc@sogou.com,Female
482,Jefferson,Glenn,dermatology,04/10/1994,04/19/1998,534-856-3242,jglenndd@springer.com,Male
483,Timmie,O'Halligan,psychiatry,01/06/1996,12/20/1996,761-636-3311,tohalligande@youtube.com,Female
484,Caldwell,Shernock,sleep medicine,02/09/1953,06/25/1996,895-130-4937,cshernockdf@domainmarket.com,Male
485,Estevan,Grimmett,wound care,04/30/1992,04/03/1984,475-560-8638,egrimmettdg@diigo.com,Male
486,Sylvester,Schrei,sleep medicine,07/08/1997,08/23/1968,176-556-4184,sschreidh@census.gov,Male
487,Dietrich,Joliffe,pharmacology,03/03/1953,04/11/1972,742-413-4670,djoliffedi@cloudflare.com,Male
488,Kevina,Hilland,orthopedics,02/14/1950,04/24/1958,968-507-5609,khillanddj@stumbleupon.com,Female
489,Ted,Turford,clinical psychology,09/11/1965,07/21/1985,533-580-5315,tturforddk@sourceforge.net,Female
490,Michale,Pressdee,urology,01/27/1959,05/10/1987,628-658-3595,mpressdeedl@ucoz.ru,Male
491,Hallsy,Ambrosio,urology,11/13/1989,08/02/1989,821-121-3156,hambrosiodm@wikispaces.com,Male
492,Maryl,Devanny,nutrition,03/11/1997,05/27/1998,389-365-4056,mdevannydn@amazon.de,Female
493,Mariejeanne,Whitehead,sleep medicine,03/22/1992,03/28/1989,797-488-5207,mwhiteheaddo@bizjournals.com,Female
494,Vic,Altoft,geriatrics,04/18/1951,06/26/1971,140-867-7776,valtoftdp@miitbeian.gov.cn,Male
495,Nance,Jaquest,sleep medicine,01/06/1960,03/29/1994,102-867-7076,njaquestdq@qq.com,Female
496,Charmain,Claypool,nutrition,08/28/1990,05/22/1998,140-329-4696,cclaypooldr@webeden.co.uk,Female
497,Danna,Dryden,pharmacology,04/13/1987,06/05/1982,297-862-3532,ddrydends@jimdo.com,Female
498,Ericha,Melmore,orthopedics,08/19/1958,07/19/1950,459-994-3024,emelmoredt@bbb.org,Female
499,Billy,Eves,clinical psychology,06/11/1999,04/28/1986,973-643-0610,bevesdu@nymag.com,Male
500,Rhetta,Queree,geriatrics,10/26/1950,07/14/1962,296-739-9661,rquereedv@geocities.com,Female
501,Guillaume,Abbot,clinical psychology,05/16/1957,01/14/1970,720-629-9662,gabbotdw@nasa.gov,Male
502,Roby,Lowings,nephrology,08/03/1964,10/11/1990,645-953-9458,rlowingsdx@si.edu,Female
503,Pancho,Powlesland,palliative care,01/06/1992,03/29/1951,547-838-4952,ppowleslanddy@msu.edu,Male
504,Lemar,Levings,neurology,04/25/1967,09/26/1976,933-730-3589,llevingsdz@google.co.jp,Male
505,Kerwin,Vann,endocrinology,10/22/1970,02/07/1992,215-945-6212,kvanne0@bluehost.com,Male
506,Arie,Calder,pain management,05/26/1959,06/14/1984,231-468-1549,acaldere1@chicagotribune.com,Male
507,Dani,Ellwell,pulmonology,06/20/1972,12/01/1998,338-853-8798,dellwelle2@slashdot.org,Female
508,Wilbert,Tilio,rehabilitation,08/25/1995,07/11/1955,663-677-6652,wtilioe3@bloglovin.com,Male
509,Cayla,Symones,wound care,07/29/1972,02/12/1969,562-876-2918,csymonese4@biglobe.ne.jp,Female
510,Ruttger,Wannell,nephrology,04/10/1995,07/03/1953,505-197-0833,rwannelle5@mediafire.com,Male
511,Kirk,Ramsay,palliative care,05/01/1991,01/10/1986,494-186-4087,kramsaye6@wufoo.com,Male
512,Ranice,Espina,rehabilitation,03/31/1954,06/05/1982,808-808-6742,respinae7@redcross.org,Female
513,Tobit,Caze,physiotherapy,02/25/1967,06/05/1986,548-853-3876,tcazee8@economist.com,Male
514,Ignace,Gomes,sleep medicine,02/04/1977,06/30/1968,261-604-1291,igomese9@naver.com,Male
515,Dot,Holborn,sleep medicine,01/22/1951,02/07/1994,339-635-8463,dholbornea@gnu.org,Female
516,Addie,Slainey,endocrinology,01/31/1953,06/03/1968,204-378-1795,aslaineyeb@zimbio.com,Female
517,Sula,Jewster,urology,10/21/1998,11/19/1989,959-635-1050,sjewsterec@topsy.com,Female
518,Jessie,Hillan,nephrology,05/28/1988,02/13/1969,549-267-3169,jhillaned@pagesperso-orange.fr,Male
519,Felicia,Saxelby,cardiology,03/13/1988,02/23/1963,198-873-7962,fsaxelbyee@istockphoto.com,Female
520,Matilda,Pennoni,rheumatology,04/23/1957,05/24/1980,649-498-2946,mpennonief@uiuc.edu,Female
521,Constantin,Churchlow,cardiology,06/11/1951,08/27/1952,636-274-8713,cchurchloweg@usa.gov,Male
522,Murdoch,Pavolini,palliative care,09/12/1970,10/09/1962,590-233-5403,mpavolinieh@seesaa.net,Male
523,Christian,Peppard,emergency medicine,01/19/1983,05/25/1976,531-724-1843,cpeppardei@sogou.com,Female
524,Patrizia,Binion,oncology,05/19/1988,08/25/1996,782-780-6105,pbinionej@usnews.com,Female
525,Derby,Boskell,speech therapy,05/11/1950,07/03/1983,178-299-8794,dboskellek@hud.gov,Male
526,Barclay,Yeskin,ophthalmology,03/17/1963,12/17/1967,323-230-0323,byeskinel@a8.net,Male
527,Gabbie,Richen,nutrition,12/24/1986,10/19/1959,978-813-9903,grichenem@360.cn,Female
528,Fred,Messruther,general practitioner,09/24/1982,01/06/1974,531-203-0763,fmessrutheren@imdb.com,Female
529,Vinson,Dahl,infectious diseases,08/19/1977,04/28/1953,354-240-2514,vdahleo@blogger.com,Male
530,Judith,Radish,urology,10/02/1996,02/22/1967,600-952-6817,jradishep@miibeian.gov.cn,Female
531,Nickolas,Ivanenko,nephrology,05/08/1963,09/06/1972,720-652-5724,nivanenkoeq@twitpic.com,Male
532,See,Covill,oncology,08/01/1974,07/02/1967,914-969-4928,scoviller@bloglines.com,Male
533,Emmery,Wardall,general practitioner,10/28/1967,10/06/1973,532-888-7682,ewardalles@psu.edu,Male
534,Basilio,Peterson,pulmonology,02/11/1973,10/27/1986,765-381-9105,bpetersonet@springer.com,Male
535,Joela,Bifield,palliative care,09/23/1982,07/08/1969,559-804-9508,jbifieldeu@phoca.cz,Female
536,Colas,Perrottet,infectious diseases,01/14/1960,08/23/1951,228-694-7358,cperrottetev@bing.com,Male
537,Justen,Freegard,cardiology,06/23/1992,03/10/1988,561-547-8098,jfreegardew@discuz.net,Male
538,Bradly,Savoury,nutrition,12/22/1976,11/12/1970,163-635-2453,bsavouryex@va.gov,Male
539,Corie,Kennedy,urology,07/27/1990,06/20/1970,537-642-8575,ckennedyey@twitpic.com,Female
540,Woodie,Hambly,occupational therapy,10/25/1994,03/17/1957,869-458-8881,whamblyez@google.ru,Male
541,Bebe,Gatesman,nutrition,06/16/1994,10/03/1970,893-816-7626,bgatesmanf0@timesonline.co.uk,Female
542,Devi,Hemphrey,nutrition,11/24/1956,08/30/1961,853-444-1612,dhemphreyf1@hhs.gov,Female
543,Ephrem,Ilyasov,general practitioner,03/25/1994,02/14/1974,612-432-3355,eilyasovf2@bloglines.com,Male
544,Perri,Bourner,speech therapy,03/08/1955,06/13/1988,855-923-5217,pbournerf3@list-manage.com,Female
545,Georgianna,Guidoni,nutrition,01/11/1972,02/16/1995,698-314-7054,gguidonif4@sbwire.com,Female
546,Karilynn,Pady,internal medicine,07/12/1967,06/27/1951,960-658-6009,kpadyf5@hao123.com,Female
547,Adrea,Cutchie,hematology,06/28/1975,10/18/1987,166-956-6925,acutchief6@nih.gov,Female
548,Kurt,Cordey,clinical psychology,10/23/1990,08/12/1983,178-345-4473,kcordeyf7@blogspot.com,Male
549,Ally,Jago,dermatology,08/27/1956,09/25/1999,473-987-5766,ajagof8@ebay.co.uk,Female
550,Corri,Momford,rheumatology,08/06/1961,06/22/1996,797-930-8102,cmomfordf9@vimeo.com,Female
551,Loren,Sisselot,general practitioner,04/02/1996,03/29/1956,142-695-8622,lsisselotfa@dailymail.co.uk,Male
552,Riccardo,Perrett,gastroenterology,05/09/1967,07/10/1960,309-128-3741,rperrettfb@unesco.org,Male
553,Ferdinand,Euesden,dermatology,06/25/1961,04/13/1968,881-643-4406,feuesdenfc@ovh.net,Male
554,Jayme,Seiller,audiology,02/12/1986,05/31/1989,400-269-9460,jseillerfd@craigslist.org,Male
555,Jennee,Yuryaev,ophthalmology,07/27/1964,10/18/1963,242-266-0760,jyuryaevfe@eepurl.com,Female
556,Shaina,Dzenisenka,audiology,07/03/1965,04/01/1971,784-970-2780,sdzenisenkaff@fda.gov,Female
557,Crawford,Pointin,ophthalmology,07/19/1992,02/13/1974,172-808-1169,cpointinfg@noaa.gov,Male
558,Loree,Jennions,cardiology,08/07/1993,08/01/1967,402-885-6687,ljennionsfh@biglobe.ne.jp,Female
559,Pepe,Grigorio,orthopedics,04/24/1952,06/04/1998,875-630-5209,pgrigoriofi@spotify.com,Male
560,Judon,Waterland,clinical psychology,12/11/1999,04/28/1959,202-821-7327,jwaterlandfj@cdc.gov,Male
561,Raquel,MacSkeaghan,physiotherapy,03/23/1958,09/06/1953,733-702-5700,rmacskeaghanfk@sbwire.com,Female
562,Daren,Stormonth,dermatology,02/15/1992,10/10/1961,687-495-4375,dstormonthfl@a8.net,Male
563,Curtice,McGlaughn,pain management,10/07/1969,01/22/1960,640-182-0951,cmcglaughnfm@dion.ne.jp,Male
564,Igor,Meco,emergency medicine,08/19/1957,11/30/1993,170-290-8065,imecofn@unc.edu,Male
565,Kiri,Scullion,wound care,12/05/1964,01/29/1989,918-271-2008,kscullionfo@bizjournals.com,Female
566,Owen,Corbie,orthopedics,07/13/1997,02/02/1980,178-293-7270,ocorbiefp@hatena.ne.jp,Male
567,Niko,Basilotta,pain management,12/04/1987,09/11/1961,765-181-6718,nbasilottafq@ca.gov,Male
568,Simon,Bowler,speech therapy,11/02/1972,08/07/1974,142-691-3793,sbowlerfr@geocities.com,Male
569,Krystyna,Crudginton,geriatrics,09/26/1950,07/27/1964,542-688-0490,kcrudgintonfs@hatena.ne.jp,Female
570,Sergio,Yoselevitch,pharmacology,01/17/1961,08/05/1960,826-951-0554,syoselevitchft@fotki.com,Male
571,Mill,Cranny,nutrition,03/30/1979,04/05/1989,215-314-7016,mcrannyfu@ocn.ne.jp,Male
572,Stan,Oxenden,sleep medicine,02/11/1985,04/09/1974,673-481-5960,soxendenfv@google.com.au,Male
573,Leonanie,Lindstrom,geriatrics,04/13/1952,05/21/1964,262-130-6131,llindstromfw@google.ca,Female
574,Jerri,Scemp,sleep medicine,11/20/1971,05/16/1975,859-328-0792,jscempfx@mtv.com,Male
575,Daisie,Lemerie,nutrition,07/06/1974,06/21/1969,383-145-9278,dlemeriefy@cbslocal.com,Female
576,Buddy,Barff,dermatology,09/17/1957,08/28/1980,443-134-6689,bbarfffz@privacy.gov.au,Male
577,Pris,Schwerin,ophthalmology,04/20/1991,03/19/1988,646-271-5407,pschwering0@symantec.com,Female
578,Leif,Kores,gastroenterology,02/22/1959,08/11/1975,150-504-9958,lkoresg1@msu.edu,Male
579,Rachel,Habershaw,pain management,12/21/1975,12/20/1986,140-864-5277,rhabershawg2@illinois.edu,Female
580,Pascale,Keilty,pulmonology,05/09/1986,12/09/1954,555-687-1749,pkeiltyg3@yandex.ru,Male
581,Katharine,Wisden,general practitioner,02/21/1957,09/17/1996,418-158-8239,kwisdeng4@intel.com,Female
582,Nerti,Lacrouts,cardiology,03/28/1950,01/24/1977,636-808-1169,nlacroutsg5@cbc.ca,Female
583,Roddy,Gilleon,oncology,05/18/1983,10/08/1994,147-189-2039,rgilleong6@usda.gov,Male
584,Margie,Howerd,wound care,12/31/1952,11/02/1975,872-621-3848,mhowerdg7@scientificamerican.com,Female
585,Morena,Tunder,nephrology,11/05/1964,06/23/1966,153-558-3865,mtunderg8@cloudflare.com,Female
586,Jeffy,Florez,occupational therapy,10/11/1971,08/29/1981,726-674-0772,jflorezg9@salon.com,Male
587,Charmane,Maryott,internal medicine,11/28/1959,06/25/1967,749-400-4629,cmaryottga@dyndns.org,Female
588,Brenna,Jolley,speech therapy,05/07/1950,11/18/1955,511-616-4317,bjolleygb@sohu.com,Female
589,Kizzee,Guterson,geriatrics,02/25/1975,01/25/1950,817-192-8983,kgutersongc@scribd.com,Female
590,Nariko,Tumpane,rheumatology,05/14/1974,12/24/1954,481-204-9001,ntumpanegd@alexa.com,Female
591,Devin,Jordanson,pharmacology,02/02/1950,04/19/1981,184-943-2314,djordansonge@amazonaws.com,Female
592,Ray,Hopfner,cardiology,06/27/1970,05/17/1989,688-236-0138,rhopfnergf@joomla.org,Male
593,Alene,Nottle,cardiology,02/08/1977,10/15/1998,215-363-0649,anottlegg@deliciousdays.com,Female
594,Raoul,Leaning,oncology,12/21/1974,11/19/1971,520-504-0994,rleaninggh@taobao.com,Male
595,Carlin,Le Jean,hematology,01/11/1964,07/07/1956,208-642-4070,clejeangi@seesaa.net,Female
596,Aldric,Kleinplac,internal medicine,11/16/1956,11/12/1996,166-512-7729,akleinplacgj@princeton.edu,Male
597,Rhetta,Josselsohn,internal medicine,06/21/1985,03/08/1964,198-612-3814,rjosselsohngk@state.tx.us,Female
598,Ciel,Shepton,rheumatology,12/18/1977,06/08/1953,743-626-6673,csheptongl@yahoo.co.jp,Female
599,Kingsly,Burgwyn,dermatology,11/26/1951,06/15/1968,388-534-3997,kburgwyngm@sogou.com,Male
600,Halsy,Skrine,pain management,03/06/1967,11/04/1978,707-139-4950,hskrinegn@nih.gov,Male
601,Darci,Dwyr,rheumatology,10/03/1987,04/25/1966,828-981-0107,ddwyrgo@biglobe.ne.jp,Female
602,Taber,Osment,dermatology,06/15/1995,12/02/1962,551-371-0606,tosmentgp@intel.com,Male
603,Titus,Brendeke,psychiatry,08/03/1957,05/24/1965,895-177-5868,tbrendekegq@exblog.jp,Male
604,Felicdad,Cosstick,ophthalmology,07/15/1986,12/20/1965,612-874-0898,fcosstickgr@sohu.com,Female
605,Gannie,Van Halen,emergency medicine,04/13/1955,04/23/1993,824-335-3404,gvanhalengs@alexa.com,Male
606,Aldin,Gooddy,clinical psychology,01/22/1970,05/16/1962,540-403-0108,agooddygt@w3.org,Male
607,Dougy,Minchin,gastroenterology,04/22/1972,01/02/1966,166-306-7230,dminchingu@google.cn,Male
608,Tymothy,Trouncer,neurology,01/01/1973,07/06/1969,158-101-4126,ttrouncergv@epa.gov,Male
609,Antoine,Hubbins,oncology,05/09/1981,11/08/1999,433-332-6669,ahubbinsgw@smh.com.au,Male
610,James,Peele,internal medicine,12/01/1987,11/14/1969,680-877-9571,jpeelegx@sohu.com,Male
611,Callida,Domange,wound care,11/04/1963,06/23/1995,182-851-2112,cdomangegy@abc.net.au,Female
612,Roberta,Wegenen,physiotherapy,05/20/1950,05/22/1984,756-707-6905,rwegenengz@diigo.com,Female
613,Pansie,Durgan,physiotherapy,02/25/1983,12/28/1994,890-619-2286,pdurganh0@ucoz.ru,Female
614,Markus,Huot,pulmonology,09/17/1994,11/13/1987,228-459-5819,mhuoth1@nature.com,Male
615,Kyla,Ormes,pharmacology,07/10/1978,02/10/1972,916-928-7889,kormesh2@cdbaby.com,Female
616,Olav,Quarton,rheumatology,12/18/1965,05/25/1993,146-313-6095,oquartonh3@gmpg.org,Male
617,Rip,Clowton,psychiatry,12/03/1982,08/10/1974,349-189-9951,rclowtonh4@tiny.cc,Male
618,Catherina,Schermick,physiotherapy,02/21/1992,10/12/1969,251-773-0989,cschermickh5@unesco.org,Female
619,Cordula,Clyde,pulmonology,08/24/1953,03/19/1983,730-781-8120,cclydeh6@google.de,Female
620,Walliw,Rodgman,hematology,09/20/1991,06/03/1974,913-989-9479,wrodgmanh7@eventbrite.com,Female
621,Northrop,Trivett,palliative care,06/15/1986,01/14/1955,570-445-1672,ntrivetth8@prlog.org,Male
622,Martynne,Clewlow,hematology,12/21/1953,10/27/1950,204-632-6097,mclewlowh9@guardian.co.uk,Female
623,Adel,Jenkyn,wound care,12/22/1997,04/26/1970,291-672-2079,ajenkynha@amazonaws.com,Female
624,Lorne,Lawtey,general practitioner,07/09/1981,06/03/1978,683-622-5962,llawteyhb@soup.io,Male
625,Gretta,Fernanando,internal medicine,08/11/1973,01/24/1996,642-577-3194,gfernanandohc@census.gov,Female
626,Lucien,Storks,audiology,11/29/1990,07/11/1977,162-834-8261,lstorkshd@nyu.edu,Male
627,Leopold,Brotheridge,orthopedics,05/07/1961,06/20/1966,814-478-1847,lbrotheridgehe@t.co,Male
628,Sayre,Jaggs,neurology,03/05/1997,07/22/1952,212-407-1618,sjaggshf@forbes.com,Male
629,Emelda,Rampage,occupational therapy,02/10/1965,09/23/1987,190-196-9087,erampagehg@networksolutions.com,Female
630,Aubrette,Hubbis,hematology,09/15/1959,08/08/1972,355-539-7387,ahubbishh@pinterest.com,Female
631,Yolande,Croker,clinical psychology,08/04/1992,12/05/1979,974-217-1043,ycrokerhi@woothemes.com,Female
632,Arluene,Karolyi,emergency medicine,10/01/1961,01/30/1964,144-426-3164,akarolyihj@xinhuanet.com,Female
633,Rosette,Bake,dermatology,03/23/1993,03/20/1987,911-393-2197,rbakehk@scientificamerican.com,Female
634,Jeremy,Edis,rheumatology,12/24/1978,04/13/1980,804-323-2047,jedishl@youku.com,Male
635,Hasheem,Butchard,oncology,05/19/1952,02/28/1994,255-678-5708,hbutchardhm@bravesites.com,Male
636,Nadiya,Huerta,hematology,08/17/1995,05/07/1954,251-958-3254,nhuertahn@nyu.edu,Female
637,Loise,Scrannage,sleep medicine,10/23/1954,05/31/1996,852-820-3322,lscrannageho@meetup.com,Female
638,Dede,Edis,occupational therapy,04/29/1967,04/29/1979,437-504-6514,dedishp@youtu.be,Female
639,Lay,Dallmann,sleep medicine,07/25/1974,11/07/1994,658-756-3649,ldallmannhq@google.pl,Male
640,Rutger,Stowte,psychiatry,08/12/1987,10/25/1976,655-260-3154,rstowtehr@goodreads.com,Male
641,Lynne,Bispham,pharmacology,02/27/1981,12/25/1973,379-220-6968,lbisphamhs@csmonitor.com,Female
642,Justina,Cecchi,palliative care,06/09/1994,01/18/1965,161-628-8882,jcecchiht@is.gd,Female
643,Pavla,Horrigan,endocrinology,02/01/1988,03/21/1980,394-488-2736,phorriganhu@clickbank.net,Female
644,Larine,MacTrustey,general practitioner,06/13/1996,09/24/1991,331-839-6365,lmactrusteyhv@deliciousdays.com,Female
645,Izak,Bastian,orthopedics,01/11/1994,07/19/1985,848-766-2974,ibastianhw@adobe.com,Male
646,Gayleen,Baleine,occupational therapy,08/27/1982,06/15/1951,697-771-5378,gbaleinehx@blog.com,Female
647,Carter,Kildea,orthopedics,06/23/1994,06/09/1977,152-274-3141,ckildeahy@intel.com,Male
648,Bay,Broom,pain management,04/28/1991,03/20/1980,112-185-1889,bbroomhz@xrea.com,Male
649,Alberto,Westwick,cardiology,08/14/1955,01/15/1998,250-266-1737,awestwicki0@issuu.com,Male
650,Walther,Shaddock,general practitioner,01/11/1960,12/16/1992,778-510-1515,wshaddocki1@epa.gov,Male
651,Wit,Pardy,wound care,03/16/1990,11/04/1993,167-363-9077,wpardyi2@chron.com,Male
652,Deane,Taunton,internal medicine,10/06/1960,11/10/1991,361-281-8467,dtauntoni3@ovh.net,Male
653,Shellie,Gibbens,ophthalmology,12/01/1954,08/09/1988,166-351-8038,sgibbensi4@foxnews.com,Female
654,Ondrea,Stilliard,clinical psychology,06/02/1954,07/02/1963,269-253-0067,ostilliardi5@ibm.com,Female
655,Portia,Elsbury,speech therapy,05/17/1952,12/11/1989,554-524-3577,pelsburyi6@mapy.cz,Female
656,Rollin,Bedder,neurology,06/12/1986,07/21/1979,894-486-4821,rbedderi7@exblog.jp,Male
657,Tiebout,Gregoriou,orthopedics,08/09/1980,08/01/1983,119-188-9458,tgregorioui8@about.com,Male
658,Elnore,Kytter,speech therapy,07/18/1970,01/14/1955,244-396-3705,ekytteri9@360.cn,Female
659,Norris,Hanrahan,rheumatology,01/30/1976,01/20/1971,238-756-7827,nhanrahania@mozilla.com,Male
660,Sheri,Richardeau,rehabilitation,08/03/1996,11/15/1976,506-507-6097,srichardeauib@facebook.com,Female
661,Sherwood,Linggood,endocrinology,09/30/1986,07/11/1967,480-533-5353,slinggoodic@adobe.com,Male
662,Marita,Discombe,occupational therapy,05/11/1967,12/19/1962,985-808-2067,mdiscombeid@gravatar.com,Female
663,Immanuel,O'Haire,urology,05/03/1974,10/26/1996,870-715-9102,iohaireie@twitter.com,Male
664,Northrop,Meineken,clinical psychology,11/17/1950,11/29/1979,749-894-2773,nmeinekenif@rakuten.co.jp,Male
665,Jamison,Vacher,general practitioner,09/24/1952,07/15/1966,977-448-6313,jvacherig@mtv.com,Male
666,Axel,Dabling,geriatrics,05/09/1963,05/11/1965,925-104-2452,adablingih@istockphoto.com,Male
667,Xylina,Broadstock,pharmacology,09/30/1985,12/27/1950,286-910-5236,xbroadstockii@chicagotribune.com,Female
668,Wernher,Avramovich,wound care,10/07/1975,08/15/1967,346-752-6533,wavramovichij@wordpress.org,Male
669,Sandy,Chiswell,palliative care,03/01/1952,01/24/1980,517-284-0743,schiswellik@tripadvisor.com,Female
670,Hamilton,Jurgensen,sleep medicine,06/14/1953,03/20/1983,706-506-6418,hjurgensenil@hubpages.com,Male
671,Erl,Mulgrew,cardiology,07/06/1993,08/23/1998,673-366-2941,emulgrewim@cbslocal.com,Male
672,Gaspar,Oleksinski,pain management,07/04/1950,03/03/1987,801-491-4564,goleksinskiin@dmoz.org,Male
673,Rhea,MacWilliam,physiotherapy,08/05/1966,11/07/1994,904-737-2446,rmacwilliamio@rediff.com,Female
674,Ringo,Butters,infectious diseases,10/09/1969,09/06/1983,427-559-0532,rbuttersip@alexa.com,Male
675,Emmi,Schowenburg,dermatology,07/28/1995,01/27/1973,674-835-8226,eschowenburgiq@sina.com.cn,Female
676,Hanan,Fordham,internal medicine,07/17/1988,01/19/1972,638-948-5881,hfordhamir@bandcamp.com,Male
677,Daphene,Ayliffe,orthopedics,08/30/1965,03/14/1951,209-755-0244,dayliffeis@nbcnews.com,Female
678,Lawrence,Enderlein,sleep medicine,11/11/1963,02/10/1968,521-824-2291,lenderleinit@deliciousdays.com,Male
679,Reider,Uccelli,cardiology,12/27/1990,04/07/1966,827-333-5081,ruccelliiu@psu.edu,Male
680,Aimee,De la Harpe,oncology,06/11/1967,02/02/1962,225-362-7328,adelaharpeiv@dailymotion.com,Female
681,Obadias,Hatcliffe,pharmacology,01/23/1956,06/30/1970,347-579-5350,ohatcliffeiw@vistaprint.com,Male
682,Hammad,Stutt,psychiatry,02/29/1996,03/01/1975,487-662-8589,hstuttix@bloomberg.com,Male
683,Dolph,Trulocke,infectious diseases,04/12/1985,12/04/1973,557-142-7273,dtrulockeiy@geocities.com,Male
684,Brear,Redparth,speech therapy,06/05/1953,11/03/1987,580-144-7115,bredparthiz@livejournal.com,Female
685,Trstram,Dunham,urology,04/08/1975,10/09/1984,417-190-9605,tdunhamj0@webnode.com,Male
686,Farris,O'Sculley,nutrition,04/28/1952,01/03/1965,801-878-2878,fosculleyj1@timesonline.co.uk,Male
687,Zara,Gorey,internal medicine,07/21/1953,04/20/1960,658-289-4270,zgoreyj2@chronoengine.com,Female
688,Dyan,Verna,wound care,02/28/1959,01/16/1969,683-824-7876,dvernaj3@angelfire.com,Female
689,Daron,Farlham,emergency medicine,12/11/1989,09/21/1957,866-368-5571,dfarlhamj4@1und1.de,Female
690,Merrielle,Mee,physiotherapy,04/01/1973,11/10/1970,394-286-3180,mmeej5@privacy.gov.au,Female
691,Rafe,Echlin,wound care,09/18/1960,01/12/1977,556-387-2248,rechlinj6@acquirethisname.com,Male
692,Prudi,Dipple,ophthalmology,06/08/1989,06/26/1985,924-139-3685,pdipplej7@army.mil,Female
693,Micki,Beels,infectious diseases,02/13/1973,10/24/1994,831-195-1783,mbeelsj8@foxnews.com,Female
694,Vinson,Bryson,emergency medicine,06/27/1980,12/27/1968,771-473-1095,vbrysonj9@yellowbook.com,Male
695,Chiarra,Sapwell,gastroenterology,11/03/1979,10/30/1970,886-780-8195,csapwellja@wufoo.com,Female
696,Pavlov,Loker,speech therapy,09/10/1969,04/21/1993,781-273-6323,plokerjb@studiopress.com,Male
697,Wilma,Kleinber,nephrology,07/03/1961,08/06/1955,525-706-2524,wkleinberjc@desdev.cn,Female
698,Hedi,Mitchelhill,ophthalmology,05/10/1981,11/25/1997,155-391-4954,hmitchelhilljd@hugedomains.com,Female
699,Tarrance,Brundale,emergency medicine,05/02/1979,12/02/1996,209-576-4854,tbrundaleje@taobao.com,Male
700,Augustin,Lates,speech therapy,10/21/1964,10/24/1954,726-768-6616,alatesjf@skype.com,Male
701,Rivkah,Board,sleep medicine,07/15/1956,11/19/1979,412-533-5327,rboardjg@topsy.com,Female
702,Burl,Boschmann,rheumatology,09/07/1981,08/20/1984,216-728-0999,bboschmannjh@google.co.jp,Male
703,Thadeus,Bert,nephrology,01/09/1960,05/09/1964,882-669-4597,tbertji@google.ca,Male
704,Vasilis,Cordet,palliative care,02/03/1953,06/22/1988,870-502-9875,vcordetjj@admin.ch,Male
705,Dav,Chesney,pain management,04/17/1956,06/17/1974,992-246-0940,dchesneyjk@harvard.edu,Male
706,Rae,Jeste,psychiatry,06/14/1987,01/07/1962,404-431-8018,rjestejl@opensource.org,Female
707,Drugi,Donizeau,ophthalmology,10/08/1957,09/13/1985,754-940-3371,ddonizeaujm@feedburner.com,Male
708,Katheryn,Heinsh,rheumatology,06/03/1972,06/30/1967,334-749-5673,kheinshjn@networkadvertising.org,Female
709,Killy,Bier,general practitioner,06/15/1971,03/30/1991,275-175-1931,kbierjo@comcast.net,Male
710,Gregorio,Prudence,nephrology,01/07/1989,02/11/1988,185-896-9066,gprudencejp@businessinsider.com,Male
711,Say,Lalor,psychiatry,01/21/1965,03/03/1980,786-504-1291,slalorjq@naver.com,Male
712,Ange,Binford,orthopedics,07/31/1989,07/31/1960,949-984-9733,abinfordjr@cmu.edu,Male
713,Skye,Endrici,rheumatology,11/28/1981,02/11/1950,752-141-4461,sendricijs@chron.com,Male
714,Kimberlyn,Filewood,emergency medicine,05/04/1950,02/12/1960,598-881-7798,kfilewoodjt@wordpress.com,Female
715,Uriel,Swaddle,rheumatology,03/25/1952,05/30/1982,807-654-5525,uswaddleju@examiner.com,Male
716,Tynan,Fickling,ophthalmology,03/22/1987,01/09/1979,364-948-4278,tficklingjv@ca.gov,Male
717,Sim,Prodrick,nutrition,01/24/1968,04/09/1981,136-110-1791,sprodrickjw@imgur.com,Male
718,Alicea,Treadgall,neurology,07/02/1958,07/06/1995,924-695-1779,atreadgalljx@exblog.jp,Female
719,Jan,Rudloff,nephrology,08/04/1964,12/13/1980,193-540-4181,jrudloffjy@yahoo.co.jp,Male
720,Sisile,Oakeshott,nutrition,02/10/1984,12/15/1952,267-445-1771,soakeshottjz@gnu.org,Female
721,Abra,Shrimpling,wound care,09/21/1969,05/29/1988,292-500-3271,ashrimplingk0@xrea.com,Female
722,Rhonda,Leatherbarrow,speech therapy,10/10/1999,07/24/1950,246-779-1418,rleatherbarrowk1@google.co.uk,Female
723,Katharine,Tuckwell,pulmonology,10/10/1990,10/20/1990,763-398-1092,ktuckwellk2@microsoft.com,Female
724,Bidget,Sorey,emergency medicine,02/06/1991,08/27/1981,350-568-5469,bsoreyk3@china.com.cn,Female
725,Hana,Proudlock,audiology,08/28/1967,04/24/1988,626-280-7169,hproudlockk4@ted.com,Female
726,Lorianne,Dibling,urology,09/17/1991,02/23/1990,373-432-1703,ldiblingk5@phoca.cz,Female
727,Dix,Moylane,orthopedics,03/31/1967,05/19/1952,406-109-7055,dmoylanek6@reverbnation.com,Female
728,Karrie,Britland,cardiology,02/12/1978,09/07/1968,351-641-6025,kbritlandk7@epa.gov,Female
729,Grant,Vasyutkin,internal medicine,03/03/1979,04/18/1980,901-200-0841,gvasyutkink8@icio.us,Male
730,Noreen,Dowbiggin,orthopedics,02/04/1991,04/25/1977,649-626-8763,ndowbiggink9@github.com,Female
731,Felecia,O'Sherin,cardiology,03/26/1958,11/24/1960,570-775-0642,fosherinka@businessinsider.com,Female
732,Frederigo,Flowith,pulmonology,03/11/1993,06/13/1961,705-977-5662,fflowithkb@wisc.edu,Male
733,Noelyn,Nials,orthopedics,09/25/1962,07/09/1980,251-246-7223,nnialskc@smugmug.com,Female
734,Jenda,Sedwick,neurology,07/12/1950,05/30/1963,815-726-3795,jsedwickkd@dmoz.org,Female
735,Katya,Bulstrode,physiotherapy,05/21/1975,04/16/1973,305-145-1507,kbulstrodeke@mysql.com,Female
736,Gery,Oury,nephrology,05/03/1986,06/21/1953,781-370-5784,gourykf@friendfeed.com,Male
737,Marcel,MacNulty,pain management,10/31/1971,06/03/1984,633-445-8415,mmacnultykg@weibo.com,Male
738,Lily,Worthy,rehabilitation,09/12/1961,06/10/1971,579-399-3982,lworthykh@dion.ne.jp,Female
739,Thebault,Linnane,internal medicine,12/19/1971,12/16/1998,955-163-9847,tlinnaneki@eepurl.com,Male
740,Rockwell,Guntrip,occupational therapy,02/16/1968,03/16/1953,640-726-4129,rguntripkj@adobe.com,Male
741,Creight,Kesley,pain management,11/30/1979,11/14/1986,176-491-9715,ckesleykk@ftc.gov,Male
742,Hill,Baty,sleep medicine,05/15/1969,11/24/1958,584-527-5212,hbatykl@feedburner.com,Male
743,Myles,Otson,neurology,02/11/1954,12/17/1994,916-293-5749,motsonkm@noaa.gov,Male
744,Jacki,Swatheridge,geriatrics,07/02/1983,06/20/1962,522-549-6808,jswatheridgekn@bloomberg.com,Female
745,Marjory,Powner,gastroenterology,01/29/1979,01/13/1956,339-942-1962,mpownerko@mlb.com,Female
746,Archambault,Konrad,internal medicine,08/25/1963,12/20/1963,600-181-6688,akonradkp@1und1.de,Male
747,Irwinn,Orknay,gastroenterology,07/22/1990,04/13/1995,762-293-0497,iorknaykq@yahoo.co.jp,Male
748,Willie,Scare,emergency medicine,05/31/1950,05/08/1976,388-967-8961,wscarekr@ted.com,Male
749,Annmaria,Hainge,cardiology,11/15/1968,08/30/1988,137-858-5873,ahaingeks@squidoo.com,Female
750,Archie,McLeod,ophthalmology,06/02/1990,04/24/1978,376-586-8760,amcleodkt@nytimes.com,Male
751,Lynnet,Pickup,pain management,07/02/1974,09/02/1979,852-749-3434,lpickupku@moonfruit.com,Female
752,Raymond,Brimmacombe,gastroenterology,06/29/1985,08/10/1996,761-179-5592,rbrimmacombekv@woothemes.com,Male
753,Ediva,Swaysland,endocrinology,05/18/1983,03/09/1953,701-910-9122,eswayslandkw@howstuffworks.com,Female
754,Carrol,Anten,pain management,03/28/1978,06/10/1996,998-979-1728,cantenkx@weather.com,Male
755,Dar,Arkwright,audiology,02/14/1965,06/17/1983,728-142-9265,darkwrightky@mapy.cz,Male
756,Gaye,Smillie,nutrition,03/27/1976,01/27/1987,834-309-7296,gsmilliekz@uiuc.edu,Female
757,Alexa,Insole,wound care,04/05/1993,05/09/1968,472-455-1898,ainsolel0@xrea.com,Female
758,Ammamaria,Swayne,geriatrics,06/09/1994,02/19/1998,680-342-3237,aswaynel1@mayoclinic.com,Female
759,Briant,Juschka,cardiology,06/15/1999,08/21/1987,453-588-4112,bjuschkal2@opera.com,Male
760,Sosanna,Vinecombe,sleep medicine,12/24/1962,03/06/1957,631-753-4570,svinecombel3@state.gov,Female
761,Clyve,Kleinholz,clinical psychology,05/22/1995,02/11/1977,963-878-6512,ckleinholzl4@lulu.com,Male
762,Elfrieda,Costin,general practitioner,05/16/1962,07/31/1969,725-673-9542,ecostinl5@parallels.com,Female
763,Ibbie,O'Hogertie,speech therapy,10/15/1951,11/24/1987,562-413-7111,iohogertiel6@independent.co.uk,Female
764,Omero,Longina,orthopedics,08/24/1955,11/03/1987,830-956-5100,olonginal7@com.com,Male
765,Lemuel,Piggford,hematology,03/01/1980,07/30/1972,718-212-5323,lpiggfordl8@theguardian.com,Male
766,Marne,Well,internal medicine,02/22/1975,01/25/1987,317-970-1065,mwelll9@umich.edu,Female
767,Sigismond,Tippetts,physiotherapy,11/19/1991,05/08/1953,546-837-7271,stippettsla@earthlink.net,Male
768,Kimberlyn,Armand,urology,09/06/1979,12/18/1998,892-310-9447,karmandlb@ft.com,Female
769,Dorothee,Haselgrove,nephrology,05/31/1975,06/30/1987,995-769-0571,dhaselgrovelc@nsw.gov.au,Female
770,Barrie,Wormstone,endocrinology,11/11/1986,07/08/1950,958-515-9400,bwormstoneld@netvibes.com,Male
771,Kelvin,Leynham,wound care,11/09/1978,11/04/1961,894-184-5684,kleynhamle@cdbaby.com,Male
772,Artus,Sorby,orthopedics,10/14/1977,05/09/1963,566-800-3733,asorbylf@opera.com,Male
773,Lacey,Corness,gastroenterology,06/08/1950,08/14/1951,825-128-1188,lcornesslg@istockphoto.com,Female
774,Roxanna,Golde,rehabilitation,06/15/1965,01/24/1982,367-399-4729,rgoldelh@chronoengine.com,Female
775,Harley,Klimczak,audiology,01/19/1975,02/08/1962,542-921-0034,hklimczakli@admin.ch,Male
776,Cate,O'Sullivan,oncology,01/07/1999,06/20/1950,819-203-0011,cosullivanlj@marketwatch.com,Female
777,Joachim,Cappineer,rehabilitation,11/28/1966,05/08/1991,222-542-1301,jcappineerlk@state.tx.us,Male
778,Kaela,Rey,physiotherapy,09/28/1978,08/20/1953,794-147-9303,kreyll@fema.gov,Female
779,Ellyn,Saggs,audiology,09/14/1997,04/04/1958,801-449-6060,esaggslm@scientificamerican.com,Female
780,Juditha,Meagher,cardiology,02/24/1961,11/19/1950,649-505-8850,jmeagherln@craigslist.org,Female
781,Englebert,Pendered,nephrology,04/19/1993,10/22/1979,632-711-6297,ependeredlo@buzzfeed.com,Male
782,Hillier,Frost,ophthalmology,02/26/1963,12/01/1987,887-227-7812,hfrostlp@slideshare.net,Male
783,Eba,Wellum,audiology,07/14/1951,10/25/1970,472-577-9733,ewellumlq@shutterfly.com,Female
784,Allyn,Meo,geriatrics,11/30/1994,06/13/1965,592-771-0715,ameolr@facebook.com,Female
785,Arabelle,Hanselmann,orthopedics,08/19/1988,11/30/1988,408-721-3222,ahanselmannls@cocolog-nifty.com,Female
786,Averell,Blankenship,urology,10/14/1992,01/15/1996,355-680-5419,ablankenshiplt@un.org,Male
787,Hayden,Haddy,rheumatology,06/10/1961,02/01/1961,541-508-5546,hhaddylu@trellian.com,Male
788,Reynolds,Benneton,neurology,01/23/1969,12/23/1970,335-377-6112,rbennetonlv@bandcamp.com,Male
789,Taber,Blaydon,internal medicine,01/17/1982,06/14/1977,923-682-7167,tblaydonlw@paypal.com,Male
790,Currey,Olliffe,infectious diseases,12/21/1999,05/24/1992,471-650-7108,colliffelx@google.cn,Male
791,Ola,Rutley,pulmonology,06/12/1954,05/05/1971,723-959-8692,orutleyly@wufoo.com,Female
792,Rice,Bartoloma,palliative care,02/13/1984,03/09/1968,349-892-3519,rbartolomalz@fotki.com,Male
793,Carolann,Hagland,urology,12/22/1996,12/11/1964,146-262-9162,chaglandm0@ehow.com,Female
794,Travers,Camoys,physiotherapy,01/25/1984,01/26/1955,802-303-4507,tcamoysm1@sphinn.com,Male
795,Wendie,McGennis,rehabilitation,08/12/1987,06/28/1964,815-272-8253,wmcgennism2@go.com,Female
796,Jorge,Staterfield,clinical psychology,10/06/1982,04/14/1951,178-895-2873,jstaterfieldm3@jigsy.com,Male
797,Darcy,Vakhrushev,pain management,11/05/1975,05/01/1977,193-417-3355,dvakhrushevm4@lulu.com,Male
798,Nikolia,Poure,urology,12/10/1979,06/09/1998,871-194-2881,npourem5@mysql.com,Female
799,Ingelbert,Rainey,clinical psychology,06/16/1958,05/09/1995,785-930-9742,iraineym6@bluehost.com,Male
800,Claudianus,Worlidge,oncology,06/02/1961,07/16/1965,261-491-4303,cworlidgem7@networkadvertising.org,Male
801,Bondy,Elloit,internal medicine,09/09/1975,01/02/1962,611-648-8327,belloitm8@jigsy.com,Male
802,Ruth,Bambrugh,sleep medicine,02/01/1990,08/03/1950,884-726-0337,rbambrughm9@networksolutions.com,Female
803,Cirstoforo,McGuirk,pulmonology,02/27/1983,12/22/1954,664-600-3687,cmcguirkma@mail.ru,Male
804,Wald,Cuffley,geriatrics,04/06/1956,09/25/1950,904-856-8976,wcuffleymb@4shared.com,Male
805,Kirk,Glackin,sleep medicine,12/07/1997,06/17/1981,917-897-9604,kglackinmc@sogou.com,Male
806,Tove,Able,psychiatry,02/02/1966,04/22/1958,221-264-8799,tablemd@ifeng.com,Female
807,Amanda,Ottery,infectious diseases,03/07/1975,02/13/1958,428-562-3313,aotteryme@constantcontact.com,Female
808,Roze,Synke,urology,10/18/1986,06/26/1974,497-502-0444,rsynkemf@google.nl,Female
809,Maje,Vlasenko,physiotherapy,09/27/1965,12/24/1970,456-385-9583,mvlasenkomg@discovery.com,Male
810,Delaney,Prue,general practitioner,11/18/1959,01/20/1952,267-804-8709,dpruemh@youtu.be,Male
811,Tracy,Maffin,psychiatry,02/15/1998,04/28/1976,562-670-5088,tmaffinmi@pagesperso-orange.fr,Male
812,Barbey,Wadworth,audiology,01/17/1958,08/22/1970,211-645-4706,bwadworthmj@mail.ru,Female
813,Burlie,De Nisco,dermatology,02/28/1969,12/13/1988,540-557-8953,bdeniscomk@discovery.com,Male
814,Franky,Neillans,neurology,01/06/1976,06/19/1954,222-738-7592,fneillansml@reddit.com,Male
815,Berke,Schuricht,pharmacology,03/16/1992,08/29/1960,732-933-3207,bschurichtmm@zimbio.com,Male
816,Timofei,Aldis,clinical psychology,01/03/1950,09/29/1978,281-701-1484,taldismn@mac.com,Male
817,Linnell,Godball,cardiology,06/25/1993,05/24/1979,727-674-5165,lgodballmo@163.com,Female
818,Keene,Glynn,pulmonology,01/10/1968,07/26/1965,674-778-8031,kglynnmp@ibm.com,Male
819,Nickola,Hawkyens,neurology,04/02/1964,06/28/1972,871-876-1984,nhawkyensmq@hexun.com,Male
820,Kalila,Maitland,pharmacology,10/27/1966,05/26/1960,442-645-3783,kmaitlandmr@g.co,Female
821,Ransom,Foston,rheumatology,12/15/1959,11/16/1969,588-147-2052,rfostonms@tuttocitta.it,Male
822,Lazarus,Dahlen,pain management,05/30/1993,03/07/1993,742-322-9474,ldahlenmt@flavors.me,Male
823,Selie,Roads,dermatology,10/12/1985,03/03/1988,844-319-5734,sroadsmu@mediafire.com,Female
824,Ailyn,Lisett,pharmacology,04/24/1983,02/18/1960,385-192-7166,alisettmv@free.fr,Female
825,Nollie,Vautier,pulmonology,03/13/1982,08/27/1981,892-424-1550,nvautiermw@businessweek.com,Male
826,Enrika,Peattie,internal medicine,10/11/1972,06/04/1991,670-597-1706,epeattiemx@nsw.gov.au,Female
827,Cletis,Hatton,wound care,01/18/1977,03/06/1984,717-552-9251,chattonmy@wikispaces.com,Male
828,Mata,Lumly,emergency medicine,09/17/1964,12/26/1961,540-152-2015,mlumlymz@usda.gov,Male
829,Lannie,Thinn,infectious diseases,04/29/1975,12/22/1963,574-245-7766,lthinnn0@admin.ch,Male
830,Nessa,Kachel,oncology,12/06/1951,05/19/1990,252-259-8290,nkacheln1@marketwatch.com,Female
831,Josie,Mateos,rheumatology,05/19/1969,05/05/1968,146-137-5374,jmateosn2@github.com,Female
832,Lev,Paladino,cardiology,03/26/1962,05/20/1994,443-385-8450,lpaladinon3@odnoklassniki.ru,Male
833,Mitzi,Westman,pulmonology,10/25/1982,11/22/1952,281-388-0992,mwestmann4@amazonaws.com,Female
834,Lidia,Schiersch,nutrition,11/07/1956,10/31/1980,394-850-1941,lschierschn5@google.pl,Female
835,Kelcey,Portingale,psychiatry,11/13/1961,02/09/1955,452-566-2744,kportingalen6@creativecommons.org,Female
836,Lucky,Bourthouloume,ophthalmology,06/14/1985,07/27/1997,524-507-1499,lbourthouloumen7@loc.gov,Female
837,Marj,Castanho,psychiatry,07/20/1987,05/05/1970,643-914-3665,mcastanhon8@4shared.com,Female
838,Petronilla,Bugs,audiology,08/07/1978,03/11/1950,224-325-7316,pbugsn9@chron.com,Female
839,Thurstan,Brimley,hematology,05/16/1976,04/17/1961,620-336-8031,tbrimleyna@ebay.co.uk,Male
840,Aurel,Ramiro,pharmacology,02/20/1968,06/26/1973,617-838-9496,aramironb@indiatimes.com,Female
841,Winifred,Shapera,rheumatology,08/12/1976,03/01/1953,866-504-8646,wshaperanc@berkeley.edu,Female
842,Deanna,Maultby,psychiatry,12/26/1959,05/29/1968,828-114-9694,dmaultbynd@seattletimes.com,Female
843,Quincy,Latta,hematology,12/26/1972,09/09/1986,620-488-7529,qlattane@guardian.co.uk,Male
844,Adel,Berndt,speech therapy,10/07/1956,10/02/1988,458-444-1468,aberndtnf@cnbc.com,Female
845,Marjorie,Cockton,dermatology,01/20/1968,06/26/1976,264-903-7423,mcocktonng@ask.com,Female
846,Cynthia,Wear,pain management,12/04/1976,02/13/1962,749-879-7078,cwearnh@fotki.com,Female
847,Rafaelia,Tixier,geriatrics,01/26/1959,03/05/1995,413-585-1133,rtixierni@hostgator.com,Female
848,Jerrylee,Reis,pulmonology,07/14/1974,06/20/1976,179-183-2974,jreisnj@usatoday.com,Female
849,Del,Laborde,palliative care,05/29/1959,11/16/1981,709-443-6952,dlabordenk@yellowpages.com,Male
850,Alvy,Cridge,oncology,06/04/1965,04/10/1977,237-729-7727,acridgenl@wp.com,Male
851,Ingar,Doggrell,pharmacology,04/10/1996,09/24/1985,102-473-8005,idoggrellnm@gnu.org,Male
852,Verney,Cossum,dermatology,01/05/1979,03/26/1973,464-846-0117,vcossumnn@fotki.com,Male
853,Isador,Hollows,orthopedics,04/17/1996,10/08/1988,722-278-9241,ihollowsno@google.co.jp,Male
854,Garvey,Jeary,urology,03/31/1969,01/14/1977,333-603-2949,gjearynp@multiply.com,Male
855,Wilma,Cochet,rheumatology,01/05/1994,06/07/1977,325-892-4724,wcochetnq@apple.com,Female
856,Carmine,McLanaghan,rehabilitation,07/09/1998,05/26/1982,553-271-4506,cmclanaghannr@ucoz.com,Male
857,Tucky,Boleyn,clinical psychology,05/22/1965,01/16/1977,344-458-1726,tboleynns@icio.us,Male
858,Scot,Giacomasso,ophthalmology,08/08/1987,07/24/1961,423-788-5766,sgiacomassont@gov.uk,Male
859,Mil,Graybeal,wound care,10/18/1964,09/14/1985,162-843-3917,mgraybealnu@soundcloud.com,Female
860,Gilles,Pickles,ophthalmology,02/24/1955,10/25/1996,539-358-9377,gpicklesnv@paginegialle.it,Male
861,Berna,Pitford,pain management,04/09/1963,03/31/1994,459-583-0035,bpitfordnw@irs.gov,Female
862,Cobbie,Fernao,pharmacology,06/11/1996,10/03/1976,500-106-6848,cfernaonx@cyberchimps.com,Male
863,Orlando,Chaim,clinical psychology,05/11/1953,08/22/1991,387-583-3727,ochaimny@tinyurl.com,Male
864,Lanny,Kibbe,neurology,04/03/1951,11/28/1959,620-414-2689,lkibbenz@de.vu,Female
865,Paige,Stitfall,endocrinology,08/24/1964,08/30/1954,259-698-9218,pstitfallo0@yellowbook.com,Female
866,Lyle,Grassett,emergency medicine,04/26/1975,05/31/1996,781-286-8773,lgrassetto1@qq.com,Male
867,Dulciana,Rois,dermatology,11/07/1989,09/27/1995,196-541-6868,droiso2@amazonaws.com,Female
868,Helenka,Garmon,pain management,06/20/1978,12/19/1997,470-545-0659,hgarmono3@fda.gov,Female
869,Rudolfo,Vardey,infectious diseases,04/04/1986,06/30/1995,433-422-7700,rvardeyo4@businesswire.com,Male
870,Nathalie,Linke,pulmonology,12/19/1989,06/02/1991,527-485-7218,nlinkeo5@tiny.cc,Female
871,Elwyn,Skitral,internal medicine,09/29/1963,04/07/1968,825-342-1010,eskitralo6@furl.net,Male
872,Trace,Treffrey,nephrology,04/30/1952,09/30/1955,126-705-7311,ttreffreyo7@phpbb.com,Male
873,Jorgan,Billingsley,dermatology,04/08/1963,12/18/1996,709-210-6945,jbillingsleyo8@symantec.com,Male
874,Jolie,Trice,hematology,07/01/1984,08/20/1976,757-656-0166,jtriceo9@tinypic.com,Female
875,Beryle,Labon,hematology,11/27/1952,03/28/1972,935-856-7518,blabonoa@blog.com,Female
876,Currie,Tolle,pain management,06/01/1961,06/24/1959,923-428-2867,ctolleob@ca.gov,Male
877,Langsdon,Bernasek,clinical psychology,08/04/1970,06/24/1998,514-415-6818,lbernasekoc@sakura.ne.jp,Male
878,Ruthann,Karslake,orthopedics,12/19/1975,10/21/1962,864-599-9585,rkarslakeod@dedecms.com,Female
879,Jaclyn,Frazer,ophthalmology,08/24/1966,06/15/1989,260-631-7935,jfrazeroe@spiegel.de,Female
880,Belva,Croney,oncology,10/16/1966,10/24/1997,313-374-3268,bcroneyof@angelfire.com,Female
881,Yank,Brack,ophthalmology,06/21/1961,10/11/1961,199-401-5054,ybrackog@jugem.jp,Male
882,Sarena,Strettle,oncology,05/28/1953,09/13/1990,297-491-1417,sstrettleoh@de.vu,Female
883,Elayne,Cotesford,pharmacology,07/26/1987,01/08/1983,536-935-1412,ecotesfordoi@smh.com.au,Female
884,Mildred,Serginson,orthopedics,08/12/1967,06/27/1990,693-650-3004,mserginsonoj@moonfruit.com,Female
885,Veronica,Hrachovec,audiology,06/09/1962,06/23/1950,929-451-8067,vhrachovecok@chronoengine.com,Female
886,Josselyn,Gallehawk,psychiatry,12/26/1999,11/25/1990,490-690-3478,jgallehawkol@disqus.com,Female
887,Vivi,Betty,speech therapy,04/05/1976,06/18/1960,445-175-5154,vbettyom@reverbnation.com,Female
888,Saul,Avramow,hematology,04/30/1963,11/28/1966,443-284-6689,savramowon@cdbaby.com,Male
889,Constantina,Collelton,sleep medicine,03/13/1993,11/30/1983,554-941-9243,ccolleltonoo@sakura.ne.jp,Female
890,Boote,Ivakin,wound care,09/07/1969,12/22/1966,102-283-2673,bivakinop@noaa.gov,Male
891,Gilberte,Edmeades,ophthalmology,07/31/1971,01/24/1973,323-306-7069,gedmeadesoq@amazon.co.uk,Female
892,Tove,Benza,rehabilitation,01/02/1973,07/13/1962,795-836-7006,tbenzaor@soundcloud.com,Female
893,Alfie,GiacobbiniJacob,nutrition,11/28/1953,02/02/1994,475-161-9617,agiacobbinijacobos@eepurl.com,Male
894,Ilario,Rulten,geriatrics,09/07/1984,10/28/1966,549-221-1378,irultenot@wikimedia.org,Male
895,Anderea,McKeveney,physiotherapy,02/04/1969,03/19/1966,707-352-6805,amckeveneyou@marketwatch.com,Female
896,Del,Toffoloni,ophthalmology,07/18/1968,05/18/1978,794-649-2267,dtoffoloniov@bbb.org,Female
897,Mick,Liell,clinical psychology,10/05/1998,07/03/1985,409-437-9889,mliellow@123-reg.co.uk,Male
898,Dela,Suddick,ophthalmology,05/19/1952,08/09/1964,646-615-1085,dsuddickox@soundcloud.com,Female
899,Harry,Cowndley,orthopedics,12/16/1980,05/29/1996,155-712-9707,hcowndleyoy@opera.com,Male
900,Nero,Gulley,pharmacology,06/19/1968,02/18/1951,362-505-0604,ngulleyoz@tuttocitta.it,Male
901,Denny,Bever,hematology,07/11/1986,11/06/1980,323-131-2646,dbeverp0@google.fr,Male
902,Cornela,Iacomo,oncology,12/07/1950,03/07/1970,181-279-2990,ciacomop1@amazon.co.jp,Female
903,Dallon,Rudwell,neurology,08/21/1991,10/20/1976,366-687-3159,drudwellp2@google.fr,Male
904,Tymon,Lowndesbrough,infectious diseases,01/14/1974,09/04/1980,364-769-7049,tlowndesbroughp3@google.es,Male
905,Hoebart,Schreiner,nutrition,11/22/1979,05/24/1955,875-410-5027,hschreinerp4@ox.ac.uk,Male
906,Sherrie,Dubbin,urology,07/10/1955,03/26/1976,124-236-9153,sdubbinp5@google.nl,Female
907,Sarajane,Vennings,gastroenterology,01/21/1953,04/08/1991,361-985-7305,svenningsp6@1und1.de,Female
908,Clifford,Suttling,palliative care,12/28/1979,11/17/1973,347-671-9808,csuttlingp7@jigsy.com,Male
909,Vivianna,Benda,endocrinology,01/13/1966,09/03/1999,525-322-5100,vbendap8@sciencedaily.com,Female
910,Sarene,Furnell,nephrology,03/26/1976,01/12/1972,363-884-3546,sfurnellp9@nbcnews.com,Female
911,Wally,Collingworth,psychiatry,08/22/1970,03/24/1966,481-120-0146,wcollingworthpa@tinypic.com,Female
912,Bartholomeo,Yurocjkin,orthopedics,10/08/1982,08/23/1976,302-459-3561,byurocjkinpb@nsw.gov.au,Male
913,Tudor,Lortzing,wound care,03/24/1974,05/11/1986,658-970-6883,tlortzingpc@addthis.com,Male
914,Adolpho,Jagels,hematology,07/14/1973,05/08/1951,398-705-5576,ajagelspd@jugem.jp,Male
915,Archaimbaud,Borley,dermatology,02/25/1960,12/23/1996,662-146-8873,aborleype@istockphoto.com,Male
916,Tani,Venus,wound care,10/22/1956,01/12/1998,826-156-6113,tvenuspf@de.vu,Female
917,Elmore,Claricoats,occupational therapy,09/20/1987,06/07/1965,378-516-1569,eclaricoatspg@issuu.com,Male
918,Sibylla,Neeve,emergency medicine,05/15/1965,04/07/1975,135-322-8804,sneeveph@netscape.com,Female
919,Algernon,Renihan,nephrology,02/27/1956,02/09/1984,665-171-2830,arenihanpi@taobao.com,Male
920,Katti,MacGinlay,dermatology,12/03/1985,09/10/1969,210-465-2549,kmacginlaypj@yolasite.com,Female
921,Rosemarie,O'Sullivan,ophthalmology,03/21/1963,05/02/1976,527-817-6560,rosullivanpk@wired.com,Female
922,Wilie,Leakner,dermatology,03/24/1989,07/24/1994,802-154-4817,wleaknerpl@photobucket.com,Female
923,Kimbra,Yoxall,sleep medicine,02/21/1983,12/20/1996,602-889-1120,kyoxallpm@stanford.edu,Female
924,Derrek,Quillinane,psychiatry,06/08/1990,10/05/1999,771-828-5845,dquillinanepn@virginia.edu,Male
925,Terza,Stidson,nephrology,07/10/1975,01/03/1952,457-622-9860,tstidsonpo@wufoo.com,Female
926,Erika,Tingey,occupational therapy,08/11/1962,10/02/1982,158-420-4104,etingeypp@gizmodo.com,Female
927,Cassaundra,Brechin,pulmonology,01/13/1999,11/18/1963,297-194-7055,cbrechinpq@rakuten.co.jp,Female
928,Pet,Marin,internal medicine,04/30/1974,01/22/1989,418-425-2804,pmarinpr@oracle.com,Female
929,Aurthur,Gonthard,nephrology,06/15/1995,11/19/1954,191-509-6332,agonthardps@tiny.cc,Male
930,Niki,Myerscough,speech therapy,01/13/1990,05/07/1996,183-138-6719,nmyerscoughpt@csmonitor.com,Male
931,Hillier,Rozier,neurology,12/10/1976,04/27/1991,429-970-0204,hrozierpu@go.com,Male
932,Wilfrid,Grishukhin,audiology,02/01/1962,10/29/1984,169-775-2484,wgrishukhinpv@etsy.com,Male
933,Ellswerth,Ornils,oncology,05/19/1974,07/07/1991,127-667-7737,eornilspw@nature.com,Male
934,Mavra,Wharlton,nutrition,03/11/1958,10/07/1987,325-142-3556,mwharltonpx@linkedin.com,Female
935,Nicholas,Bootherstone,neurology,08/18/1975,08/12/1978,848-140-1811,nbootherstonepy@acquirethisname.com,Male
936,Star,Urwin,internal medicine,05/27/1959,05/14/1979,291-499-1142,surwinpz@symantec.com,Female
937,Cordell,Blose,sleep medicine,09/04/1998,07/04/1958,994-701-2390,cbloseq0@google.co.jp,Male
938,Quentin,Slowgrove,urology,09/12/1963,07/20/1969,685-319-5892,qslowgroveq1@si.edu,Male
939,Findley,Halso,endocrinology,07/28/1955,06/20/1965,703-154-0570,fhalsoq2@studiopress.com,Male
940,Rosabella,Petruskevich,emergency medicine,01/18/1992,10/17/1989,334-643-5581,rpetruskevichq3@tuttocitta.it,Female
941,Gustaf,Briance,nutrition,08/24/1968,02/20/1977,948-408-7237,gbrianceq4@fotki.com,Male
942,Jessi,Longman,orthopedics,10/07/1990,07/22/1974,443-626-4362,jlongmanq5@arizona.edu,Female
943,Sawyere,Gothliff,internal medicine,04/05/1981,12/22/1983,931-116-0288,sgothliffq6@chronoengine.com,Male
944,Pebrook,Fearby,endocrinology,06/06/1969,06/24/1991,856-176-5011,pfearbyq7@princeton.edu,Male
945,Dolores,Goodlad,wound care,03/11/1994,04/06/1991,629-427-7872,dgoodladq8@shinystat.com,Female
946,Dara,Killingbeck,palliative care,06/24/1975,12/17/1988,996-668-9407,dkillingbeckq9@usatoday.com,Female
947,Kora,Trinbey,clinical psychology,06/29/1964,03/11/1953,976-334-0206,ktrinbeyqa@sphinn.com,Female
948,Hailee,Akid,audiology,09/19/1958,03/18/1969,464-960-5343,hakidqb@guardian.co.uk,Female
949,Ronni,Plaid,wound care,04/07/1950,04/16/1960,650-833-6690,rplaidqc@nps.gov,Female
950,Kordula,Everit,pulmonology,04/17/1999,04/15/1972,830-130-9630,keveritqd@tinyurl.com,Female
951,Rhody,Haps,general practitioner,03/11/1992,08/23/1977,216-193-2474,rhapsqe@apple.com,Female
952,Shay,Patten,cardiology,11/22/1966,05/18/1959,141-177-1983,spattenqf@ovh.net,Female
953,Hedvige,Rainsden,ophthalmology,01/30/1969,05/08/1957,153-780-4575,hrainsdenqg@a8.net,Female
954,Hy,Kobieriecki,pain management,02/27/1980,11/14/1955,161-801-6139,hkobierieckiqh@mit.edu,Male
955,Hanny,Raraty,pulmonology,01/01/1993,01/30/1965,968-166-4513,hraratyqi@baidu.com,Female
956,Gwennie,Conrart,internal medicine,05/02/1955,06/20/1971,808-341-0734,gconrartqj@newyorker.com,Female
957,Niccolo,Leschelle,ophthalmology,03/29/1995,05/13/1982,745-962-5056,nleschelleqk@artisteer.com,Male
958,Kamila,Urry,endocrinology,05/20/1973,08/04/1986,181-780-8352,kurryql@apple.com,Female
959,Chucho,Dulen,emergency medicine,12/06/1977,12/01/1960,246-339-4490,cdulenqm@utexas.edu,Male
960,Jeanine,Askin,hematology,05/09/1970,08/23/1993,315-433-2615,jaskinqn@1und1.de,Female
961,Berny,Waker,rehabilitation,02/23/1997,02/01/1992,205-572-1546,bwakerqo@mozilla.org,Female
962,Latrena,Thain,neurology,02/17/1958,12/18/1979,644-404-7172,lthainqp@elegantthemes.com,Female
963,Leonie,Gadson,pain management,03/30/1988,03/14/1999,798-915-4145,lgadsonqq@moonfruit.com,Female
964,Laetitia,Winch,wound care,04/03/1958,01/17/1951,661-508-4634,lwinchqr@columbia.edu,Female
965,Erwin,Rubinovici,internal medicine,08/23/1996,11/16/1977,766-578-5149,erubinoviciqs@adobe.com,Male
966,Risa,Pervew,nutrition,05/08/1986,12/05/1975,978-954-1376,rpervewqt@yellowbook.com,Female
967,Joela,Kop,rehabilitation,05/13/1963,04/25/1963,658-881-2535,jkopqu@slideshare.net,Female
968,Doti,Canario,infectious diseases,01/22/1952,01/12/1978,159-719-6287,dcanarioqv@cnn.com,Female
969,Marion,Adelsberg,infectious diseases,02/29/1988,08/30/1962,973-652-0845,madelsbergqw@merriam-webster.com,Male
970,Theadora,Hundy,pulmonology,02/04/1975,09/25/1972,229-111-1283,thundyqx@intel.com,Female
971,Waverley,Bow,geriatrics,06/08/1960,07/23/1964,211-725-3077,wbowqy@yale.edu,Male
972,Edie,Skade,nephrology,06/05/1973,11/12/1957,491-483-6272,eskadeqz@ucla.edu,Female
973,Lezlie,Brotherhead,pharmacology,06/15/1995,08/14/1962,826-998-9089,lbrotherheadr0@exblog.jp,Female
974,Kilian,Schooley,endocrinology,07/06/1961,08/15/1971,153-721-7778,kschooleyr1@nature.com,Male
975,Elisa,Moreno,emergency medicine,05/09/1963,01/08/1988,149-262-4608,emorenor2@ted.com,Female
976,Caitrin,Takkos,oncology,04/30/1955,09/06/1973,538-360-3720,ctakkosr3@ning.com,Female
977,Gretna,Oxbe,dermatology,04/22/1993,05/31/1963,458-507-6310,goxber4@google.ru,Female
978,Peadar,Paulich,speech therapy,07/17/1985,01/09/1976,603-589-1889,ppaulichr5@irs.gov,Male
979,Dunstan,Turfin,internal medicine,04/08/1991,07/16/1994,899-508-6499,dturfinr6@uiuc.edu,Male
980,Aline,Local,nephrology,06/11/1976,03/07/1961,126-131-9229,alocalr7@twitpic.com,Female
981,Luce,Watkiss,wound care,11/26/1999,02/23/1993,303-516-2304,lwatkissr8@csmonitor.com,Female
982,Cedric,Hamner,cardiology,10/30/1958,01/12/1960,862-728-9849,chamnerr9@usgs.gov,Male
983,Jobey,Smiths,pulmonology,05/27/1976,08/05/1950,957-973-2539,jsmithsra@shutterfly.com,Female
984,Munmro,Warret,geriatrics,02/02/1987,10/11/1981,200-593-8724,mwarretrb@time.com,Male
985,Correy,Pikhno,pulmonology,08/15/1972,05/08/1966,322-511-4214,cpikhnorc@mlb.com,Male
986,Alie,Pund,pain management,10/06/1961,12/23/1964,441-454-5434,apundrd@purevolume.com,Female
987,Oriana,Bignell,pulmonology,01/26/1984,11/20/1958,708-618-1625,obignellre@youku.com,Female
988,Gerta,Vanyard,rheumatology,06/14/1989,01/09/1955,459-318-6785,gvanyardrf@java.com,Female
989,Shelley,Perfitt,nutrition,09/01/1979,03/24/1996,800-456-6021,sperfittrg@woothemes.com,Male
990,Shalom,Jerosch,clinical psychology,01/28/1961,07/19/1988,531-216-4836,sjeroschrh@bbc.co.uk,Male
991,Izaak,Peachment,urology,08/29/1996,11/10/1954,152-177-6036,ipeachmentri@businessweek.com,Male
992,Aurora,Collyear,gastroenterology,01/22/1951,07/29/1997,847-732-0710,acollyearrj@prlog.org,Female
993,Felipe,Kearey,hematology,07/17/1992,03/01/1958,672-296-4781,fkeareyrk@netvibes.com,Male
994,Alessandro,Elston,cardiology,05/23/1999,02/12/1998,276-642-6338,aelstonrl@wikipedia.org,Male
995,Erminie,Iacivelli,orthopedics,10/28/1998,07/27/1968,664-381-4856,eiacivellirm@pagesperso-orange.fr,Female
996,Garrett,Pawel,wound care,08/28/1965,09/26/1993,303-367-0106,gpawelrn@over-blog.com,Male
997,Ofelia,Weond,speech therapy,04/26/1968,03/06/1964,950-325-4135,oweondro@apple.com,Female
998,Tallie,Shimon,internal medicine,01/13/1992,08/30/1988,801-689-8011,tshimonrp@bluehost.com,Male
999,Darcy,Sheering,internal medicine,06/03/1983,11/11/1996,390-654-0272,dsheeringrq@fastcompany.com,Female
1000,Roberto,Errowe,dermatology,09/20/1977,05/10/1986,484-788-8539,rerrowerr@tuttocitta.it,Male
